{
  "exact_match": 0.01818181818181818,
  "f1_score": 0.2475809311306768,
  "precision": 0.2478186060757807,
  "recall": 0.2616386251416764,
  "bleu_scores": {
    "bleu1": 0.26586102719033233,
    "bleu2": 0.132658832597105,
    "bleu3": 0.08268741610147831,
    "bleu4": 0.055875647293099275
  },
  "rouge_l_f1": 0.0,
  "bleurt_score": 0.0,
  "total_samples": 55
}