{
  "exact_match": 0.0,
  "f1_score": 0.2596723879519483,
  "precision": 0.25444460732504215,
  "recall": 0.28181585081585075,
  "bleu_scores": {
    "bleu1": 0.3404255319148936,
    "bleu2": 0.19311604871572793,
    "bleu3": 0.13044951957946477,
    "bleu4": 0.09574417448377477
  },
  "rouge_l_f1": 0.0,
  "bleurt_score": 0.0,
  "total_samples": 20
}