{
  "exact_match": 0.0,
  "f1_score": 0.2705435623801061,
  "precision": 0.286601814285238,
  "recall": 0.2706497629708877,
  "bleu_scores": {
    "bleu1": 0.33743934303844725,
    "bleu2": 0.1861817658083778,
    "bleu3": 0.11812877512218359,
    "bleu4": 0.07987575724774587
  },
  "rouge_l_f1": 0.2781344178434085,
  "bleurt_score": 0.0,
  "total_samples": 553
}