{
  "exact_match": 0.0,
  "f1_score": 0.2668472638252935,
  "precision": 0.28312234927520485,
  "recall": 0.2664018497600557,
  "bleu_scores": {
    "bleu1": 0.32920815111193824,
    "bleu2": 0.1812272296808482,
    "bleu3": 0.11564500816485117,
    "bleu4": 0.07846014483905518
  },
  "rouge_l_f1": 0.2726436084765437,
  "bleurt_score": 0.0,
  "total_samples": 553
}