{
  "exact_match": 0.00641573994867408,
  "f1_score": 0.28804145822191446,
  "precision": 0.3026011653181984,
  "recall": 0.2874293437591512,
  "bleu_scores": {
    "bleu1": 0.34491290608911485,
    "bleu2": 0.1897334878085671,
    "bleu3": 0.11901211452822294,
    "bleu4": 0.07932205017909608
  },
  "rouge_l_f1": 0.2872012334797106,
  "bleurt_score": 0.0,
  "total_samples": 2338
}