{
  "exact_match": 0.00641573994867408,
  "f1_score": 0.2883098537123573,
  "precision": 0.3034108949133254,
  "recall": 0.2875162934621296,
  "bleu_scores": {
    "bleu1": 0.343231991246839,
    "bleu2": 0.18954603403884523,
    "bleu3": 0.11912454385204016,
    "bleu4": 0.0795087082449065
  },
  "rouge_l_f1": 0.28704516026930704,
  "bleurt_score": 0.0,
  "total_samples": 2338
}