{
  "exact_match": 0.0,
  "f1_score": 0.26626415585354596,
  "precision": 0.28391155741640733,
  "recall": 0.26524676463399377,
  "bleu_scores": {
    "bleu1": 0.33179254876583164,
    "bleu2": 0.17834976516925757,
    "bleu3": 0.11218104120310306,
    "bleu4": 0.07531130270945134
  },
  "rouge_l_f1": 0.2727086470021717,
  "bleurt_score": 0.0,
  "total_samples": 553
}