{
  "exact_match": 0.0,
  "f1_score": 0.2647185567145046,
  "precision": 0.28288884253055213,
  "recall": 0.26327754192750175,
  "bleu_scores": {
    "bleu1": 0.3315458579881657,
    "bleu2": 0.1781108526728504,
    "bleu3": 0.11156213627912587,
    "bleu4": 0.07490959320315552
  },
  "rouge_l_f1": 0.2713511569229389,
  "bleurt_score": 0.0,
  "total_samples": 553
}