{
  "exact_match": 0.0,
  "f1_score": 0.28546947493259334,
  "precision": 0.2931383314601618,
  "recall": 0.2944804825340524,
  "bleu_scores": {
    "bleu1": 0.3346477392218718,
    "bleu2": 0.18545183222811965,
    "bleu3": 0.11618676476526396,
    "bleu4": 0.07728069817326079
  },
  "rouge_l_f1": 0.2849345526849907,
  "bleurt_score": 0.0,
  "total_samples": 553
}