{
  "exact_match": 0.00855431993156544,
  "f1_score": 0.29236281357133537,
  "precision": 0.30124357825888376,
  "recall": 0.2973032539167792,
  "bleu_scores": {
    "bleu1": 0.3396795963690463,
    "bleu2": 0.18823554684674118,
    "bleu3": 0.11927186649822867,
    "bleu4": 0.08032389273542902
  },
  "rouge_l_f1": 0.28742430461259383,
  "bleurt_score": 0.0,
  "total_samples": 2338
}