{
  "exact_match": 0.00855431993156544,
  "f1_score": 0.2928913743160465,
  "precision": 0.30151845696783774,
  "recall": 0.298672834054919,
  "bleu_scores": {
    "bleu1": 0.34161101385376824,
    "bleu2": 0.1907058750476129,
    "bleu3": 0.12151458792010912,
    "bleu4": 0.0820740680054719
  },
  "rouge_l_f1": 0.28803055353919793,
  "bleurt_score": 0.0,
  "total_samples": 2338
}