{
  "exact_match": 0.004704875962360992,
  "f1_score": 0.2906227958196084,
  "precision": 0.3079074691718504,
  "recall": 0.2875480858617603,
  "bleu_scores": {
    "bleu1": 0.34424527373562647,
    "bleu2": 0.1899999696276593,
    "bleu3": 0.12008149249473334,
    "bleu4": 0.08060972925612858
  },
  "rouge_l_f1": 0.2899701619033911,
  "bleurt_score": 0.0,
  "total_samples": 2338
}