{
  "exact_match": 0.0,
  "f1_score": 0.28035540701805706,
  "precision": 0.2934079187776934,
  "recall": 0.28386884206863927,
  "bleu_scores": {
    "bleu1": 0.33973775268621387,
    "bleu2": 0.1859999508588886,
    "bleu3": 0.11489756494944096,
    "bleu4": 0.07550666714238304
  },
  "rouge_l_f1": 0.28235673427250196,
  "bleurt_score": 0.0,
  "total_samples": 553
}