{
  "exact_match": 0.0,
  "f1_score": 0.06043469645047129,
  "precision": 0.03971837405857034,
  "recall": 0.15768915000770536,
  "bleu_scores": {
    "bleu1": 0.04710705204711743,
    "bleu2": 0.009236936363583529,
    "bleu3": 0.0009659110588162072,
    "bleu4": 0.00026323926476446086
  },
  "rouge_l_f1": 0.0,
  "bleurt_score": 0.0,
  "total_samples": 839
}