{
  "exact_match": 0.005560307955517536,
  "f1_score": 0.2903284278659368,
  "precision": 0.3059889839201796,
  "recall": 0.28858267470508636,
  "bleu_scores": {
    "bleu1": 0.34270006134092457,
    "bleu2": 0.1885432345365125,
    "bleu3": 0.1186133806867419,
    "bleu4": 0.07930170284561455
  },
  "rouge_l_f1": 0.28762331167301053,
  "bleurt_score": 0.0,
  "total_samples": 2338
}