{
  "model_name": "Qwen2VL-DailyMoth",
  "evaluation_style": "SSVP-SLT",
  "evaluation_metrics": {
    "exact_match": 0.0,
    "f1_score": 0.12839426225649134,
    "precision": 0.11281647645284008,
    "recall": 0.15658533385806114,
    "bleu_scores": {
      "bleu1": 0.13924050632911394,
      "bleu2": 0.025448580746200343,
      "bleu3": 0.011882649210151506,
      "bleu4": 0.0070375409006290125
    },
    "rouge_l_f1": 0.1078348046315257,
    "bleurt_score": 0.0,
    "total_samples": 22
  },
  "summary": {
    "exact_match": 0.0,
    "f1_score": 0.12839426225649134,
    "precision": 0.11281647645284008,
    "recall": 0.15658533385806114,
    "rouge_l_f1": 0.1078348046315257,
    "bleurt_score": 0.0,
    "bleu_1": 0.13924050632911394,
    "bleu_2": 0.025448580746200343,
    "bleu_3": 0.011882649210151506,
    "bleu_4": 0.0070375409006290125,
    "total_samples": 22
  }
}