{
  "model_name": "Qwen2VL-DailyMoth",
  "evaluation_style": "SSVP-SLT",
  "evaluation_metrics": {
    "exact_match": 0.0,
    "f1_score": 0.18760989807640527,
    "precision": 0.19183392365210547,
    "recall": 0.19024498229043682,
    "bleu_scores": {
      "bleu1": 0.24260355029585803,
      "bleu2": 0.09950972679271886,
      "bleu3": 0.061941364737146835,
      "bleu4": 0.04634829580912795
    },
    "rouge_l_f1": 0.20706573225536073,
    "bleurt_score": 0.0,
    "total_samples": 22
  },
  "summary": {
    "exact_match": 0.0,
    "f1_score": 0.18760989807640527,
    "precision": 0.19183392365210547,
    "recall": 0.19024498229043682,
    "rouge_l_f1": 0.20706573225536073,
    "bleurt_score": 0.0,
    "bleu_1": 0.24260355029585803,
    "bleu_2": 0.09950972679271886,
    "bleu_3": 0.061941364737146835,
    "bleu_4": 0.04634829580912795,
    "total_samples": 22
  }
}