{
  "exact_match": 0.0,
  "f1_score": 0.1920370857212962,
  "precision": 0.18020757020757022,
  "recall": 0.21746031746031746,
  "bleu_scores": {
    "bleu1": 0.20567375886524822,
    "bleu2": 0.0404021214735744,
    "bleu3": 0.019445470476869134,
    "bleu4": 0.011763350443258486
  },
  "rouge_l_f1": 0.21182093332550997,
  "bleurt_score": 0.0,
  "total_samples": 15
}