{
  "exact_match": 0.0,
  "f1_score": 0.29267821716768705,
  "precision": 0.3023845782500659,
  "recall": 0.3002289054556764,
  "bleu_scores": {
    "bleu1": 0.34604132382519653,
    "bleu2": 0.19231901294240233,
    "bleu3": 0.1220253048186061,
    "bleu4": 0.08118145075536433
  },
  "rouge_l_f1": 0.29143190185422313,
  "bleurt_score": 0.0,
  "total_samples": 553
}