{
  "exact_match": 0.0,
  "f1_score": 0.28879102278599644,
  "precision": 0.2988042493260801,
  "recall": 0.2954709702741381,
  "bleu_scores": {
    "bleu1": 0.34419793663836395,
    "bleu2": 0.19304415513605197,
    "bleu3": 0.12285754099335641,
    "bleu4": 0.0823778162624192
  },
  "rouge_l_f1": 0.29033945146173507,
  "bleurt_score": 0.0,
  "total_samples": 553
}