{
  "exact_match": 0.00641573994867408,
  "f1_score": 0.29115159765295845,
  "precision": 0.30688625179024764,
  "recall": 0.2897272880302801,
  "bleu_scores": {
    "bleu1": 0.3424568840549327,
    "bleu2": 0.18885567929607716,
    "bleu3": 0.11911661169905406,
    "bleu4": 0.08003037580009988
  },
  "rouge_l_f1": 0.2884247900095852,
  "bleurt_score": 0.0,
  "total_samples": 2338
}