{
  "exact_match": 0.005988023952095809,
  "f1_score": 0.2928798569175852,
  "precision": 0.30922416838430905,
  "recall": 0.29081775388037123,
  "bleu_scores": {
    "bleu1": 0.34403420083121,
    "bleu2": 0.19019559671489397,
    "bleu3": 0.12040057095758858,
    "bleu4": 0.08106680559355749
  },
  "rouge_l_f1": 0.29014168451837896,
  "bleurt_score": 0.0,
  "total_samples": 2338
}