{
  "exact_match": 0.005988023952095809,
  "f1_score": 0.29131160284208474,
  "precision": 0.3070928064349883,
  "recall": 0.2898065628336869,
  "bleu_scores": {
    "bleu1": 0.3430225695822905,
    "bleu2": 0.18871183697278823,
    "bleu3": 0.11892611225184054,
    "bleu4": 0.0798442894301201
  },
  "rouge_l_f1": 0.28889592011616605,
  "bleurt_score": 0.0,
  "total_samples": 2338
}