{
  "exact_match": 0.00641573994867408,
  "f1_score": 0.2920565277980009,
  "precision": 0.30795294033064335,
  "recall": 0.290158005602346,
  "bleu_scores": {
    "bleu1": 0.343587311291779,
    "bleu2": 0.1898791224465995,
    "bleu3": 0.12026139680409122,
    "bleu4": 0.08103257668726004
  },
  "rouge_l_f1": 0.2894533638572415,
  "bleurt_score": 0.0,
  "total_samples": 2338
}