{
  "exact_match": 0.0,
  "f1_score": 0.28339762797522455,
  "precision": 0.29271925142806743,
  "recall": 0.29084160243735974,
  "bleu_scores": {
    "bleu1": 0.33072045094239927,
    "bleu2": 0.1836082545995041,
    "bleu3": 0.11447308229371667,
    "bleu4": 0.07610156379696335
  },
  "rouge_l_f1": 0.2836535355080515,
  "bleurt_score": 0.0,
  "total_samples": 553
}