{
  "exact_match": 0.0,
  "f1_score": 0.2864497513574946,
  "precision": 0.2948326204540189,
  "recall": 0.29475591717098254,
  "bleu_scores": {
    "bleu1": 0.3358457493426819,
    "bleu2": 0.1844638852424282,
    "bleu3": 0.11578125082221045,
    "bleu4": 0.0773413686044776
  },
  "rouge_l_f1": 0.28494539523366114,
  "bleurt_score": 0.0,
  "total_samples": 553
}