{
  "exact_match": 0.004704875962360992,
  "f1_score": 0.2894474217196298,
  "precision": 0.30574501103191815,
  "recall": 0.287054575068529,
  "bleu_scores": {
    "bleu1": 0.34371859506181157,
    "bleu2": 0.18891138822450018,
    "bleu3": 0.11848212494329925,
    "bleu4": 0.07926113922165832
  },
  "rouge_l_f1": 0.28992983279341067,
  "bleurt_score": 0.0,
  "total_samples": 2338
}