{
  "exact_match": 0.004704875962360992,
  "f1_score": 0.29029269614655506,
  "precision": 0.30658747736644,
  "recall": 0.28799027727340026,
  "bleu_scores": {
    "bleu1": 0.3437306684840864,
    "bleu2": 0.1896753198970853,
    "bleu3": 0.11940708889256489,
    "bleu4": 0.07992422395174958
  },
  "rouge_l_f1": 0.2895853683138017,
  "bleurt_score": 0.0,
  "total_samples": 2338
}