{
  "exact_match": 0.0,
  "f1_score": 0.15154221494028833,
  "precision": 0.1588218255256955,
  "recall": 0.16474060148084912,
  "bleu_scores": {
    "bleu1": 0.22000000000000003,
    "bleu2": 0.0895741559366579,
    "bleu3": 0.04796112729658081,
    "bleu4": 0.025765428302969583
  },
  "rouge_l_f1": 0.1705684456224862,
  "bleurt_score": 0.0,
  "total_samples": 50
}