{
  "exact_match": 0.01818181818181818,
  "f1_score": 0.12907147888781492,
  "precision": 0.12940454838303994,
  "recall": 0.141580762661258,
  "bleu_scores": {
    "bleu1": 0.1827956989247312,
    "bleu2": 0.074250654059524,
    "bleu3": 0.037971436933233,
    "bleu4": 0.01838212103311858
  },
  "rouge_l_f1": 0.12569676315934497,
  "bleurt_score": 0.0,
  "total_samples": 55
}