{
  "exact_match": 0.0018656716417910447,
  "f1_score": 0.17302466287443263,
  "precision": 0.18565223892224342,
  "recall": 0.17697101270905846,
  "bleu_scores": {
    "bleu1": 0.23164008663122665,
    "bleu2": 0.10031417919249652,
    "bleu3": 0.0552160287130255,
    "bleu4": 0.032543374674110906
  },
  "rouge_l_f1": 0.16935384576563853,
  "bleurt_score": 0.0,
  "total_samples": 536
}