{
  "exact_match": 0.0,
  "f1_score": 0.0038875455842714442,
  "precision": 0.003088211578777616,
  "recall": 0.0077044025157232705,
  "bleu_scores": {
    "bleu1": 0.006509764646970456,
    "bleu2": 0.0009087918600446069,
    "bleu3": 0.0003754926319278528,
    "bleu4": 0.00020347151440715375
  },
  "rouge_l_f1": 0.0068685823993129055,
  "bleurt_score": 0.0,
  "total_samples": 53
}