{
  "exact_match": 0.0,
  "f1_score": 0.165733066126468,
  "precision": 0.1713000797401304,
  "recall": 0.17495017110431638,
  "bleu_scores": {
    "bleu1": 0.2219717730179539,
    "bleu2": 0.10237392901950366,
    "bleu3": 0.05750986821300299,
    "bleu4": 0.03375548828980273
  },
  "rouge_l_f1": 0.1829386076762078,
  "bleurt_score": 0.0,
  "total_samples": 55
}