{
  "exact_match": 0.0,
  "f1_score": 0.2661261260571588,
  "precision": 0.28270620513277395,
  "recall": 0.2658605169686545,
  "bleu_scores": {
    "bleu1": 0.33420625407456656,
    "bleu2": 0.1820412338114979,
    "bleu3": 0.11440602493796251,
    "bleu4": 0.0770256681607895
  },
  "rouge_l_f1": 0.2717564909860102,
  "bleurt_score": 0.0,
  "total_samples": 553
}