{
  "exact_match": 0.0,
  "f1_score": 0.2620103366280993,
  "precision": 0.28010645481787155,
  "recall": 0.26069311658319155,
  "bleu_scores": {
    "bleu1": 0.33196069255966315,
    "bleu2": 0.1789134631677663,
    "bleu3": 0.11178427583464216,
    "bleu4": 0.07529380837517281
  },
  "rouge_l_f1": 0.27214879458590546,
  "bleurt_score": 0.0,
  "total_samples": 553
}