{
  "exact_match": 0.0,
  "f1_score": 0.27052123010052165,
  "precision": 0.28812504239911296,
  "recall": 0.27002683951860956,
  "bleu_scores": {
    "bleu1": 0.3366290457979666,
    "bleu2": 0.18385307386455552,
    "bleu3": 0.11573828173730201,
    "bleu4": 0.07738860402266827
  },
  "rouge_l_f1": 0.2779408127044497,
  "bleurt_score": 0.0,
  "total_samples": 553
}