{
  "exact_match": 0.0,
  "f1_score": 0.2851358774153071,
  "precision": 0.29674412377291837,
  "recall": 0.2895617073825293,
  "bleu_scores": {
    "bleu1": 0.34443734598886555,
    "bleu2": 0.19057163461294283,
    "bleu3": 0.12010968252268206,
    "bleu4": 0.07953880019973213
  },
  "rouge_l_f1": 0.28667608652010246,
  "bleurt_score": 0.0,
  "total_samples": 553
}