{
  "exact_match": 0.0,
  "f1_score": 0.29088125803329,
  "precision": 0.30345454070903377,
  "recall": 0.29485462033777826,
  "bleu_scores": {
    "bleu1": 0.3461782573216066,
    "bleu2": 0.19315196011944916,
    "bleu3": 0.12166441918782113,
    "bleu4": 0.08089062603575911
  },
  "rouge_l_f1": 0.29063449292528587,
  "bleurt_score": 0.0,
  "total_samples": 553
}