{
  "exact_match": 0.0,
  "f1_score": 0.28475486062050015,
  "precision": 0.2934061821247116,
  "recall": 0.29262848003313247,
  "bleu_scores": {
    "bleu1": 0.33543804262036303,
    "bleu2": 0.18524768008736683,
    "bleu3": 0.1149705375415046,
    "bleu4": 0.07616929502537624
  },
  "rouge_l_f1": 0.28456076187998447,
  "bleurt_score": 0.0,
  "total_samples": 553
}