{
  "exact_match": 0.0,
  "f1_score": 0.2863051241672261,
  "precision": 0.2957007194256846,
  "recall": 0.29404043028767607,
  "bleu_scores": {
    "bleu1": 0.3369756785336624,
    "bleu2": 0.18614417237943787,
    "bleu3": 0.11588413487703095,
    "bleu4": 0.07734546487172973
  },
  "rouge_l_f1": 0.28575879875815446,
  "bleurt_score": 0.0,
  "total_samples": 553
}