{
  "exact_match": 0.0,
  "f1_score": 0.28321832535558583,
  "precision": 0.2919748963888331,
  "recall": 0.2905230642479712,
  "bleu_scores": {
    "bleu1": 0.336306632517884,
    "bleu2": 0.1855870296079511,
    "bleu3": 0.11524158788168144,
    "bleu4": 0.07628362044679163
  },
  "rouge_l_f1": 0.2845842067981861,
  "bleurt_score": 0.0,
  "total_samples": 553
}