{
  "exact_match": 0.0,
  "f1_score": 0.29246888376136687,
  "precision": 0.30294440965927294,
  "recall": 0.2987689138050091,
  "bleu_scores": {
    "bleu1": 0.34554781971418097,
    "bleu2": 0.19419705159125694,
    "bleu3": 0.12408640859704563,
    "bleu4": 0.08316528565235823
  },
  "rouge_l_f1": 0.29178677001618947,
  "bleurt_score": 0.0,
  "total_samples": 553
}