{
  "exact_match": 0.0,
  "f1_score": 0.29208139821715545,
  "precision": 0.3017539774366941,
  "recall": 0.2994276771091962,
  "bleu_scores": {
    "bleu1": 0.34241173773498396,
    "bleu2": 0.19238766933852378,
    "bleu3": 0.12286213761611844,
    "bleu4": 0.08194582012602726
  },
  "rouge_l_f1": 0.2930672164218929,
  "bleurt_score": 0.0,
  "total_samples": 553
}