{
  "exact_match": 0.008557980316645272,
  "f1_score": 0.26920301544104125,
  "precision": 0.29232482490261147,
  "recall": 0.26266140187164566,
  "bleu_scores": {
    "bleu1": 0.31862027684064015,
    "bleu2": 0.17553765569846264,
    "bleu3": 0.11101008407820087,
    "bleu4": 0.07482731560422763
  },
  "rouge_l_f1": 0.0,
  "bleurt_score": 0.0,
  "total_samples": 2337
}