{
  "exact_match": 0.008130081300813009,
  "f1_score": 0.27486663941676204,
  "precision": 0.285563785589427,
  "recall": 0.2786530933685302,
  "bleu_scores": {
    "bleu1": 0.3157817356968831,
    "bleu2": 0.17563972317654442,
    "bleu3": 0.11318136987256937,
    "bleu4": 0.07798734162052154
  },
  "rouge_l_f1": 0.0,
  "bleurt_score": 0.0,
  "total_samples": 2337
}