{
  "exact_match": 0.008126603934987169,
  "f1_score": 0.28825820647948,
  "precision": 0.3008617277681124,
  "recall": 0.2902755108187398,
  "bleu_scores": {
    "bleu1": 0.34164288932272124,
    "bleu2": 0.18844308926539063,
    "bleu3": 0.11851742164981736,
    "bleu4": 0.07944872369052078
  },
  "rouge_l_f1": 0.28624049203902335,
  "bleurt_score": 0.0,
  "total_samples": 2338
}