{
  "exact_match": 0.008126603934987169,
  "f1_score": 0.28568076713220986,
  "precision": 0.2920631145692633,
  "recall": 0.29443954475138295,
  "bleu_scores": {
    "bleu1": 0.32943393907111107,
    "bleu2": 0.18161442561995625,
    "bleu3": 0.11370353597863009,
    "bleu4": 0.07602781310891314
  },
  "rouge_l_f1": 0.2817436452502738,
  "bleurt_score": 0.0,
  "total_samples": 2338
}