{
  "exact_match": 0.008126603934987169,
  "f1_score": 0.27151284531041975,
  "precision": 0.2874554970263851,
  "recall": 0.27054346200787355,
  "bleu_scores": {
    "bleu1": 0.3265070148740339,
    "bleu2": 0.17987453600716097,
    "bleu3": 0.1135622786296004,
    "bleu4": 0.07615669909679915
  },
  "rouge_l_f1": 0.2733600376679138,
  "bleurt_score": 0.0,
  "total_samples": 2338
}