{
  "exact_match": 0.008126603934987169,
  "f1_score": 0.2837432187834967,
  "precision": 0.29573405304143846,
  "recall": 0.28616326623133087,
  "bleu_scores": {
    "bleu1": 0.3403611873713108,
    "bleu2": 0.18792283043689054,
    "bleu3": 0.1181683851637633,
    "bleu4": 0.07943320670734588
  },
  "rouge_l_f1": 0.2848541395897637,
  "bleurt_score": 0.0,
  "total_samples": 2338
}