{
  "exact_match": 0.0,
  "f1_score": 0.2621991148006987,
  "precision": 0.2769937554457182,
  "recall": 0.2630833067057629,
  "bleu_scores": {
    "bleu1": 0.3307514983863532,
    "bleu2": 0.18060677699261876,
    "bleu3": 0.11490809913639748,
    "bleu4": 0.07752237192048006
  },
  "rouge_l_f1": 0.2723235541102831,
  "bleurt_score": 0.0,
  "total_samples": 553
}