{
  "exact_match": 0.0,
  "f1_score": 0.0540777401839847,
  "precision": 0.03481147132126698,
  "recall": 0.14932967890418114,
  "bleu_scores": {
    "bleu1": 0.04079586563307494,
    "bleu2": 0.007987658634583061,
    "bleu3": 0.0013897887268533523,
    "bleu4": 0.00041082875562675774
  },
  "rouge_l_f1": 0.0,
  "bleurt_score": 0.0,
  "total_samples": 839
}