{
  "exact_match": 0.008982035928143712,
  "f1_score": 0.2931927542396321,
  "precision": 0.30211803110268864,
  "recall": 0.29834994709405943,
  "bleu_scores": {
    "bleu1": 0.3404769612603863,
    "bleu2": 0.18822193205804413,
    "bleu3": 0.11922837842719718,
    "bleu4": 0.08009494170694237
  },
  "rouge_l_f1": 0.28884068463036205,
  "bleurt_score": 0.0,
  "total_samples": 2338
}