{
  "exact_match": 0.0,
  "f1_score": 0.05559353215429019,
  "precision": 0.036038262738135124,
  "recall": 0.15126080740978498,
  "bleu_scores": {
    "bleu1": 0.044312433952004265,
    "bleu2": 0.009456460502959722,
    "bleu3": 0.0018695907134391888,
    "bleu4": 0.00043070376230445773
  },
  "rouge_l_f1": 0.0,
  "bleurt_score": 0.0,
  "total_samples": 839
}