{
  "exact_match": 0.008126603934987169,
  "f1_score": 0.2702831870798248,
  "precision": 0.28581794792439863,
  "recall": 0.26967709381824806,
  "bleu_scores": {
    "bleu1": 0.32723903929588544,
    "bleu2": 0.18071610505494168,
    "bleu3": 0.11417171213235042,
    "bleu4": 0.07686039850466841
  },
  "rouge_l_f1": 0.2721157669175176,
  "bleurt_score": 0.0,
  "total_samples": 2338
}