{
  "exact_match": 0.0,
  "f1_score": 0.055700299569902745,
  "precision": 0.03601958952851668,
  "recall": 0.14979225238356925,
  "bleu_scores": {
    "bleu1": 0.041387586801103673,
    "bleu2": 0.008173069442015072,
    "bleu3": 0.0015162329758275786,
    "bleu4": 0.00036805274078791225
  },
  "rouge_l_f1": 0.0,
  "bleurt_score": 0.0,
  "total_samples": 838
}