{
  "model_name": "Qwen2VL-DailyMoth",
  "evaluation_style": "SSVP-SLT",
  "evaluation_metrics": {
    "exact_match": 0.0,
    "f1_score": 0.11384519677089337,
    "precision": 0.09824592074592073,
    "recall": 0.14543831168831167,
    "bleu_scores": {
      "bleu1": 0.09482758620689653,
      "bleu2": 0.0149549312091061,
      "bleu3": 0.006628305848529251,
      "bleu4": 0.0038141458520888224
    },
    "rouge_l_f1": 0.10191620913673008,
    "bleurt_score": 0.0,
    "total_samples": 20
  },
  "summary": {
    "exact_match": 0.0,
    "f1_score": 0.11384519677089337,
    "precision": 0.09824592074592073,
    "recall": 0.14543831168831167,
    "rouge_l_f1": 0.10191620913673008,
    "bleurt_score": 0.0,
    "bleu_1": 0.09482758620689653,
    "bleu_2": 0.0149549312091061,
    "bleu_3": 0.006628305848529251,
    "bleu_4": 0.0038141458520888224,
    "total_samples": 20
  }
}