{
  "exact_match": 0.048,
  "f1_score": 0.2494345039295369,
  "precision": 0.2592610833610834,
  "recall": 0.24989618159618157,
  "bleu_scores": {
    "bleu1": 0.2872037914691943,
    "bleu2": 0.18220397285347448,
    "bleu3": 0.13819741706182717,
    "bleu4": 0.1116253193050642
  },
  "rouge_l_f1": 0.2609773703471563,
  "bleurt_score": 0.0,
  "total_samples": 250
}