{
  "exact_match": 0.006843455945252352,
  "f1_score": 0.28558877528812754,
  "precision": 0.29394732589034445,
  "recall": 0.2918979014557423,
  "bleu_scores": {
    "bleu1": 0.33361054513701194,
    "bleu2": 0.18340690074971938,
    "bleu3": 0.11553961793538177,
    "bleu4": 0.07751976544596179
  },
  "rouge_l_f1": 0.28353786943899206,
  "bleurt_score": 0.0,
  "total_samples": 2338
}