{
  "exact_match": 0.006843455945252352,
  "f1_score": 0.2832861176131172,
  "precision": 0.2911379628552954,
  "recall": 0.28955033350273535,
  "bleu_scores": {
    "bleu1": 0.32909587002356444,
    "bleu2": 0.18091679287308235,
    "bleu3": 0.11388183407710402,
    "bleu4": 0.07647402349156975
  },
  "rouge_l_f1": 0.2818831874498524,
  "bleurt_score": 0.0,
  "total_samples": 2338
}