{
  "bleu_scores": {
    "bleu1": 0.009072918625767454,
    "bleu2": 0.0021519041644454265,
    "bleu3": 0.000373913621740972,
    "bleu4": 0.00013239608286139958
  },
  "rouge_l_f1": 8.590962704016961,
  "total_samples": 184,
  "evaluation_summary": {
    "bleu_1": 0.009072918625767454,
    "bleu_2": 0.0021519041644454265,
    "bleu_3": 0.000373913621740972,
    "bleu_4": 0.00013239608286139958,
    "rouge_l_f1": 8.590962704016961
  }
}