{
  "bleu_scores": {
    "bleu1": 2.139862992636996e-08,
    "bleu2": 5.4437650487408725e-09,
    "bleu3": 1.4692339596868199e-09,
    "bleu4": 5.017842120674434e-10
  },
  "rouge_l_f1": 3.335995726814715,
  "total_samples": 184,
  "evaluation_summary": {
    "bleu_1": 2.139862992636996e-08,
    "bleu_2": 5.4437650487408725e-09,
    "bleu_3": 1.4692339596868199e-09,
    "bleu_4": 5.017842120674434e-10,
    "rouge_l_f1": 3.335995726814715
  }
}