{
  "bleu_scores": {
    "bleu1": 7.304542207747752,
    "bleu2": 0.6457748131228055,
    "bleu3": 0.23398765713219774,
    "bleu4": 0.12080707092614895
  },
  "rouge_l_f1": 3.0553268783508467,
  "total_samples": 100,
  "evaluation_summary": {
    "bleu_1": 7.304542207747752,
    "bleu_2": 0.6457748131228055,
    "bleu_3": 0.23398765713219774,
    "bleu_4": 0.12080707092614895,
    "rouge_l_f1": 3.0553268783508467
  }
}