{
  "model_name": "Qwen2.5-VL-7B",
  "evaluation_metrics": {
    "exact_match": 0.0,
    "f1_score": 0.06251026482910542,
    "precision": 0.08460798460798462,
    "recall": 0.05471550671550671,
    "bleu_scores": {
      "bleu1": 0.037920883076353884,
      "bleu2": 0.01189961754609003,
      "bleu3": 0.008797612429817903,
      "bleu4": 0.007440697599443357
    },
    "rouge_l_f1": 0.055970123474450774,
    "total_samples": 15
  },
  "summary": {
    "exact_match": 0.0,
    "f1_score": 0.06251026482910542,
    "precision": 0.08460798460798462,
    "recall": 0.05471550671550671,
    "rouge_l_f1": 0.055970123474450774,
    "bleu_1": 0.037920883076353884,
    "bleu_2": 0.01189961754609003,
    "bleu_3": 0.008797612429817903,
    "bleu_4": 0.007440697599443357,
    "total_samples": 15
  }
}