{
  "bleu_scores": {
    "bleu1": 3.584506650635476,
    "bleu2": 0.7836400337289319,
    "bleu3": 0.3950899632947225,
    "bleu4": 0.24732890718410583
  },
  "rouge_l_f1": 0.909090876033059,
  "total_samples": 15,
  "evaluation_summary": {
    "bleu_1": 3.584506650635476,
    "bleu_2": 0.7836400337289319,
    "bleu_3": 0.3950899632947225,
    "bleu_4": 0.24732890718410583,
    "rouge_l_f1": 0.909090876033059
  }
}