{
  "model_name": "Qwen2.5-VL-7B",
  "evaluation_metrics": {
    "exact_match": 0.0,
    "f1_score": 0.07762287887092835,
    "precision": 0.10783740649636228,
    "recall": 0.06831052360726164,
    "bleu_scores": {
      "bleu1": 0.04371373949522606,
      "bleu2": 0.012609773259369942,
      "bleu3": 0.008808086931961235,
      "bleu4": 0.00726259798039954
    },
    "rouge_l_f1": 0.0633816076201061,
    "total_samples": 2340
  },
  "summary": {
    "exact_match": 0.0,
    "f1_score": 0.07762287887092835,
    "precision": 0.10783740649636228,
    "recall": 0.06831052360726164,
    "rouge_l_f1": 0.0633816076201061,
    "bleu_1": 0.04371373949522606,
    "bleu_2": 0.012609773259369942,
    "bleu_3": 0.008808086931961235,
    "bleu_4": 0.00726259798039954,
    "total_samples": 2340
  }
}