{
  "model_name": "LLaVA-OneVision",
  "evaluation_metrics": {
    "exact_match": 0.0,
    "f1_score": 0.06382356807100588,
    "precision": 0.07765495161275213,
    "recall": 0.06509507159507158,
    "bleu_scores": {
      "bleu1": 0.03851283774099976,
      "bleu2": 0.011967108844607326,
      "bleu3": 0.006955913297132342,
      "bleu4": 0.005232782018411623
    },
    "rouge_l_f1": 0.05011695289701583,
    "total_samples": 20
  },
  "summary": {
    "exact_match": 0.0,
    "f1_score": 0.06382356807100588,
    "precision": 0.07765495161275213,
    "recall": 0.06509507159507158,
    "rouge_l_f1": 0.05011695289701583,
    "bleu_1": 0.03851283774099976,
    "bleu_2": 0.011967108844607326,
    "bleu_3": 0.006955913297132342,
    "bleu_4": 0.005232782018411623,
    "total_samples": 20
  }
}