{
  "model_name": "LLaVA-OneVision",
  "evaluation_style": "SSVP-SLT",
  "evaluation_metrics": {
    "exact_match": 0.0,
    "f1_score": 0.013706959706959707,
    "precision": 0.013253968253968254,
    "recall": 0.016369047619047616,
    "bleu_scores": {
      "bleu1": 0.06105975159835281,
      "bleu2": 0.009455448619815841,
      "bleu3": 0.004124350451978764,
      "bleu4": 0.002333603653526463
    },
    "rouge_l_f1": 0.029396060749881346,
    "bleurt_score": 0.17268070504069327,
    "total_samples": 20
  },
  "summary": {
    "exact_match": 0.0,
    "f1_score": 0.013706959706959707,
    "precision": 0.013253968253968254,
    "recall": 0.016369047619047616,
    "rouge_l_f1": 0.029396060749881346,
    "bleurt_score": 0.17268070504069327,
    "bleu_1": 0.06105975159835281,
    "bleu_2": 0.009455448619815841,
    "bleu_3": 0.004124350451978764,
    "bleu_4": 0.002333603653526463,
    "total_samples": 20
  }
}