{
  "exact_match": 0.007741935483870968,
  "f1_score": 0.2642148053453121,
  "precision": 0.27466668621137724,
  "recall": 0.2683528121974028,
  "bleu_scores": {
    "bleu1": 0.3150171097657278,
    "bleu2": 0.17303553836513091,
    "bleu3": 0.11024438732073573,
    "bleu4": 0.07416706304830756
  },
  "rouge_l_f1": 0.263619363607888,
  "bleurt_score": 0.4062997445592316,
  "total_samples": 2325
}