{
  "exact_match": 0.008572653236176597,
  "f1_score": 0.27020131941396014,
  "precision": 0.28538519372800175,
  "recall": 0.26980977438787196,
  "bleu_scores": {
    "bleu1": 0.3233243810337516,
    "bleu2": 0.1782040550319979,
    "bleu3": 0.11331801033522101,
    "bleu4": 0.0766657780961543
  },
  "rouge_l_f1": 0.2710889598172914,
  "bleurt_score": 0.4117962341936065,
  "total_samples": 2333
}