{
  "exact_match": 0.00855431993156544,
  "f1_score": 0.28491481712647815,
  "precision": 0.2971182889693321,
  "recall": 0.2873773102747622,
  "bleu_scores": {
    "bleu1": 0.3398827990348156,
    "bleu2": 0.18757669828948098,
    "bleu3": 0.118719469395652,
    "bleu4": 0.08012563930872517
  },
  "rouge_l_f1": 0.28465240297572625,
  "bleurt_score": 0.0,
  "total_samples": 2338
}