{
  "exact_match": 0.00855431993156544,
  "f1_score": 0.28629682440805043,
  "precision": 0.2978527827366871,
  "recall": 0.28886876003102124,
  "bleu_scores": {
    "bleu1": 0.34220466662349724,
    "bleu2": 0.1885261617259751,
    "bleu3": 0.1189619341961366,
    "bleu4": 0.08008684492547191
  },
  "rouge_l_f1": 0.28504022491152214,
  "bleurt_score": 0.0,
  "total_samples": 2338
}