{
  "exact_match": 0.00855431993156544,
  "f1_score": 0.2851052394017225,
  "precision": 0.29728747922592885,
  "recall": 0.28709827922185727,
  "bleu_scores": {
    "bleu1": 0.3413884950809812,
    "bleu2": 0.18925479907584258,
    "bleu3": 0.1193552196981962,
    "bleu4": 0.08027449720940208
  },
  "rouge_l_f1": 0.2857641213028123,
  "bleurt_score": 0.0,
  "total_samples": 2338
}