{
  "exact_match": 0.0,
  "f1_score": 0.2858894608166185,
  "precision": 0.29722279784254935,
  "recall": 0.29056965216153696,
  "bleu_scores": {
    "bleu1": 0.34445454545454546,
    "bleu2": 0.1916517362801054,
    "bleu3": 0.12089829820003226,
    "bleu4": 0.08101636021703086
  },
  "rouge_l_f1": 0.2891649957000958,
  "bleurt_score": 0.0,
  "total_samples": 553
}