{
  "exact_match": 0.0,
  "f1_score": 0.2785617738825787,
  "precision": 0.29273502136416013,
  "recall": 0.28023186430908603,
  "bleu_scores": {
    "bleu1": 0.3414656432748538,
    "bleu2": 0.18654895233831467,
    "bleu3": 0.1156254446391381,
    "bleu4": 0.07631945408822297
  },
  "rouge_l_f1": 0.2823227040456748,
  "bleurt_score": 0.0,
  "total_samples": 553
}