{
  "exact_match": 0.0,
  "f1_score": 0.2801550544926357,
  "precision": 0.29340275269296306,
  "recall": 0.28341849623994486,
  "bleu_scores": {
    "bleu1": 0.3384768993373877,
    "bleu2": 0.18664806981951762,
    "bleu3": 0.1162551902152606,
    "bleu4": 0.07685345150550982
  },
  "rouge_l_f1": 0.282374949036248,
  "bleurt_score": 0.0,
  "total_samples": 553
}