{
  "exact_match": 0.004704875962360992,
  "f1_score": 0.29067192188610697,
  "precision": 0.3081022496616119,
  "recall": 0.2875611835682387,
  "bleu_scores": {
    "bleu1": 0.3428911221695236,
    "bleu2": 0.18872871936207566,
    "bleu3": 0.11883981001520073,
    "bleu4": 0.07982485042740937
  },
  "rouge_l_f1": 0.2901310603017968,
  "bleurt_score": 0.0,
  "total_samples": 2338
}