{
  "exact_match": 0.004704875962360992,
  "f1_score": 0.29060322414001344,
  "precision": 0.3076517308399268,
  "recall": 0.2877760462448506,
  "bleu_scores": {
    "bleu1": 0.3423909127853004,
    "bleu2": 0.18917416108628993,
    "bleu3": 0.11934572466112599,
    "bleu4": 0.07991601277819926
  },
  "rouge_l_f1": 0.2906892428716798,
  "bleurt_score": 0.0,
  "total_samples": 2338
}