{
  "exact_match": 0.0,
  "f1_score": 0.1747023264933051,
  "precision": 0.17717535628851996,
  "recall": 0.19506007931840227,
  "bleu_scores": {
    "bleu1": 0.22990654205607475,
    "bleu2": 0.09980723839239707,
    "bleu3": 0.05494230697150299,
    "bleu4": 0.031663519195553845
  },
  "rouge_l_f1": 0.17628619106444943,
  "bleurt_score": 0.0,
  "total_samples": 109
}