{
  "exact_match": 0.01283147989734816,
  "f1_score": 0.31612497870867895,
  "precision": 0.335510859015564,
  "recall": 0.31333120977287426,
  "bleu_scores": {
    "bleu1": 0.3664958440970432,
    "bleu2": 0.2204284513720522,
    "bleu3": 0.14854257521177686,
    "bleu4": 0.10546573067033002
  },
  "rouge_l_f1": 0.3224007125430143,
  "bleurt_score": 0.0,
  "total_samples": 2338
}