{
  "exact_match": 0.013259195893926433,
  "f1_score": 0.31498505601405624,
  "precision": 0.3327583466932322,
  "recall": 0.31322637824949123,
  "bleu_scores": {
    "bleu1": 0.3680672268907562,
    "bleu2": 0.22221827814193865,
    "bleu3": 0.15005877896221517,
    "bleu4": 0.10657870789424924
  },
  "rouge_l_f1": 0.31968942954545226,
  "bleurt_score": 0.0,
  "total_samples": 2338
}