{
  "exact_match": 0.01240376390076989,
  "f1_score": 0.31391609499846485,
  "precision": 0.3320253801737985,
  "recall": 0.31182040513598613,
  "bleu_scores": {
    "bleu1": 0.3697612963812269,
    "bleu2": 0.22336791199101833,
    "bleu3": 0.15099894472793793,
    "bleu4": 0.10758365990652725
  },
  "rouge_l_f1": 0.3200805456423904,
  "bleurt_score": 0.0,
  "total_samples": 2338
}