{
  "exact_match": 0.013259195893926433,
  "f1_score": 0.3143605865034145,
  "precision": 0.3335939285457,
  "recall": 0.3107662422191606,
  "bleu_scores": {
    "bleu1": 0.3642752675115235,
    "bleu2": 0.2193622885966755,
    "bleu3": 0.14763028571422232,
    "bleu4": 0.10501780098601593
  },
  "rouge_l_f1": 0.31962967950001603,
  "bleurt_score": 0.0,
  "total_samples": 2338
}