{
  "exact_match": 0.0,
  "f1_score": 0.1979721718088324,
  "precision": 0.1908730158730159,
  "recall": 0.2142387024739966,
  "bleu_scores": {
    "bleu1": 0.28307374422327813,
    "bleu2": 0.16969674824601996,
    "bleu3": 0.09683182936851122,
    "bleu4": 0.05287982509496798
  },
  "rouge_l_f1": 0.22551724137931037,
  "bleurt_score": 0.41477839946746825,
  "total_samples": 5
}