{
  "exact_match": 0.0,
  "f1_score": 0.0568349947779365,
  "precision": 0.036856196117385165,
  "recall": 0.15696163673888325,
  "bleu_scores": {
    "bleu1": 0.0427423718086138,
    "bleu2": 0.008259253977183937,
    "bleu3": 0.0020409894758926105,
    "bleu4": 0.0008169362965361239
  },
  "rouge_l_f1": 0.0,
  "bleurt_score": 0.0,
  "total_samples": 839
}