{
  "exact_match": 0.007271171941830625,
  "f1_score": 0.2852294773803323,
  "precision": 0.2924133774280388,
  "recall": 0.2926728714083711,
  "bleu_scores": {
    "bleu1": 0.3297247138880297,
    "bleu2": 0.1815104411974689,
    "bleu3": 0.11441334922432253,
    "bleu4": 0.07680665820669536
  },
  "rouge_l_f1": 0.28186833606844974,
  "bleurt_score": 0.0,
  "total_samples": 2338
}