{
  "exact_match": 0.0,
  "f1_score": 0.0442238507784495,
  "precision": 0.026817383411194697,
  "recall": 0.17043040293040293,
  "bleu_scores": {
    "bleu1": 0.0322354590049054,
    "bleu2": 0.008261190396737485,
    "bleu3": 0.002894589994926623,
    "bleu4": 0.0014433650770862877
  },
  "rouge_l_f1": 0.0,
  "bleurt_score": 0.0,
  "total_samples": 10
}