{
  "exact_match": 0.00855431993156544,
  "f1_score": 0.28486369777757115,
  "precision": 0.30481123230455925,
  "recall": 0.28005289177895754,
  "bleu_scores": {
    "bleu1": 0.3348932965792666,
    "bleu2": 0.18512427461020262,
    "bleu3": 0.11712071141320043,
    "bleu4": 0.07889340614349495
  },
  "rouge_l_f1": 0.28701337699078977,
  "bleurt_score": 0.0,
  "total_samples": 2338
}