{
  "exact_match": 0.00855431993156544,
  "f1_score": 0.2866334721711987,
  "precision": 0.30633926226049063,
  "recall": 0.2816720690979629,
  "bleu_scores": {
    "bleu1": 0.3380747729005725,
    "bleu2": 0.18751198598803176,
    "bleu3": 0.11961756924339423,
    "bleu4": 0.08150975059067955
  },
  "rouge_l_f1": 0.2877647589779888,
  "bleurt_score": 0.0,
  "total_samples": 2338
}