{
  "exact_match": 0.00855431993156544,
  "f1_score": 0.28519568958872277,
  "precision": 0.30513708650256854,
  "recall": 0.28040934244403865,
  "bleu_scores": {
    "bleu1": 0.33412865400849945,
    "bleu2": 0.1851848344169646,
    "bleu3": 0.11801214253200984,
    "bleu4": 0.08018111565624672
  },
  "rouge_l_f1": 0.28610225167059405,
  "bleurt_score": 0.0,
  "total_samples": 2338
}