{
  "exact_match": 0.0,
  "f1_score": 0.056106202814396045,
  "precision": 0.036264162330174536,
  "recall": 0.15996954646777767,
  "bleu_scores": {
    "bleu1": 0.041896859789283446,
    "bleu2": 0.008068187291585049,
    "bleu3": 0.0013960274182359502,
    "bleu4": 0.0003460480922362314
  },
  "rouge_l_f1": 0.0,
  "bleurt_score": 0.0,
  "total_samples": 839
}