{
  "exact_match": 0.0036363636363636364,
  "f1_score": 0.29071728265286334,
  "precision": 0.30150445969278455,
  "recall": 0.29530151230589874,
  "bleu_scores": {
    "bleu1": 0.33978054677329367,
    "bleu2": 0.1952615685947254,
    "bleu3": 0.1288769293354473,
    "bleu4": 0.09005452714404427
  },
  "rouge_l_f1": 0.0,
  "bleurt_score": 0.0,
  "total_samples": 550
}