{
  "model_name": "Gemini 2.5 Pro",
  "evaluation_metrics": {
    "exact_match": 0.0,
    "f1_score": 0.09302408762548081,
    "precision": 0.12719322344322345,
    "recall": 0.0832051282051282,
    "bleu_scores": {
      "bleu1": 0.06442747518191959,
      "bleu2": 0.027612043022305365,
      "bleu3": 0.01511192288029671,
      "bleu4": 0.011889802115920532
    },
    "rouge_l_f1": 0.08528388278388278,
    "total_samples": 20
  },
  "summary": {
    "exact_match": 0.0,
    "f1_score": 0.09302408762548081,
    "precision": 0.12719322344322345,
    "recall": 0.0832051282051282,
    "rouge_l_f1": 0.08528388278388278,
    "bleu_1": 0.06442747518191959,
    "bleu_2": 0.027612043022305365,
    "bleu_3": 0.01511192288029671,
    "bleu_4": 0.011889802115920532,
    "total_samples": 20
  }
}