{
  "bleu_scores": {
    "bleu1": 6.115624116782682,
    "bleu2": 0.8766000691312525,
    "bleu3": 0.15291892417479097,
    "bleu4": 0.046270691532125735
  },
  "rouge_l_f1": 3.0181544241662364,
  "total_samples": 2342,
  "evaluation_summary": {
    "bleu_1": 6.115624116782682,
    "bleu_2": 0.8766000691312525,
    "bleu_3": 0.15291892417479097,
    "bleu_4": 0.046270691532125735,
    "rouge_l_f1": 3.0181544241662364
  }
}