{
  "model_name": "GPT-4o",
  "evaluation_metrics": {
    "exact_match": 0.0,
    "f1_score": 0.024887883113689564,
    "precision": 0.035096153846153846,
    "recall": 0.02195634920634921,
    "bleu_scores": {
      "bleu1": 0.012190370030312416,
      "bleu2": 0.003520942350297633,
      "bleu3": 0.002509365406468956,
      "bleu4": 0.002048511489662245
    },
    "rouge_l_f1": 0.022624260901699927,
    "total_samples": 20
  },
  "summary": {
    "exact_match": 0.0,
    "f1_score": 0.024887883113689564,
    "precision": 0.035096153846153846,
    "recall": 0.02195634920634921,
    "rouge_l_f1": 0.022624260901699927,
    "bleu_1": 0.012190370030312416,
    "bleu_2": 0.003520942350297633,
    "bleu_3": 0.002509365406468956,
    "bleu_4": 0.002048511489662245,
    "total_samples": 20
  }
}