{
  "model_name": "LLaVA-OneVision",
  "evaluation_metrics": {
    "exact_match": 0.0,
    "f1_score": 0.03237321350210971,
    "precision": 0.032984238992786574,
    "recall": 0.03841852591852592,
    "bleu_scores": {
      "bleu1": 0.02240627568859373,
      "bleu2": 0.005430906252493729,
      "bleu3": 0.0036169801554781504,
      "bleu4": 0.0028191039059666683
    },
    "rouge_l_f1": 0.02288063714521149,
    "total_samples": 26
  },
  "summary": {
    "exact_match": 0.0,
    "f1_score": 0.03237321350210971,
    "precision": 0.032984238992786574,
    "recall": 0.03841852591852592,
    "rouge_l_f1": 0.02288063714521149,
    "bleu_1": 0.02240627568859373,
    "bleu_2": 0.005430906252493729,
    "bleu_3": 0.0036169801554781504,
    "bleu_4": 0.0028191039059666683,
    "total_samples": 26
  }
}