{
  "bleu_scores": {
    "bleu1": 0.00011658783054938801,
    "bleu2": 1.8513471317289203e-05,
    "bleu3": 6.445026061814156e-06,
    "bleu4": 3.2499229125370444e-06
  },
  "rouge_l_f1": 4.619229726214855,
  "total_samples": 15,
  "evaluation_summary": {
    "bleu_1": 0.00011658783054938801,
    "bleu_2": 1.8513471317289203e-05,
    "bleu_3": 6.445026061814156e-06,
    "bleu_4": 3.2499229125370444e-06,
    "rouge_l_f1": 4.619229726214855
  }
}