{
  "model_name": "GPT-4o",
  "evaluation_metrics": {
    "exact_match": 0.0,
    "f1_score": 0.013823529411764707,
    "precision": 0.025555555555555554,
    "recall": 0.0095,
    "bleu_scores": {
      "bleu1": 0.004587242871078463,
      "bleu2": 0.0010812235136964095,
      "bleu3": 0.0007193527587753072,
      "bleu4": 0.0005756673568767049
    },
    "rouge_l_f1": 0.015365448504983389,
    "total_samples": 20
  },
  "summary": {
    "exact_match": 0.0,
    "f1_score": 0.013823529411764707,
    "precision": 0.025555555555555554,
    "recall": 0.0095,
    "rouge_l_f1": 0.015365448504983389,
    "bleu_1": 0.004587242871078463,
    "bleu_2": 0.0010812235136964095,
    "bleu_3": 0.0007193527587753072,
    "bleu_4": 0.0005756673568767049,
    "total_samples": 20
  }
}