{
  "model_name": "LLaVA-NeXT Video",
  "evaluation_metrics": {
    "exact_match": 0.0,
    "f1_score": 0.07351120971974195,
    "precision": 0.12647841741701238,
    "recall": 0.0632510061258206,
    "bleu_scores": {
      "bleu1": 0.036262452588811604,
      "bleu2": 0.01001890908238989,
      "bleu3": 0.007022162039648585,
      "bleu4": 0.0059566705804242805
    },
    "rouge_l_f1": 0.06307518529552786,
    "total_samples": 2342
  },
  "summary": {
    "exact_match": 0.0,
    "f1_score": 0.07351120971974195,
    "precision": 0.12647841741701238,
    "recall": 0.0632510061258206,
    "rouge_l_f1": 0.06307518529552786,
    "bleu_1": 0.036262452588811604,
    "bleu_2": 0.01001890908238989,
    "bleu_3": 0.007022162039648585,
    "bleu_4": 0.0059566705804242805,
    "total_samples": 2342
  }
}