{
  "exact_match": 0.008126603934987169,
  "f1_score": 0.28400851016018247,
  "precision": 0.306554389136468,
  "recall": 0.2768844836738656,
  "bleu_scores": {
    "bleu1": 0.33186231176879966,
    "bleu2": 0.18414337441060527,
    "bleu3": 0.11745577945372268,
    "bleu4": 0.07984596933734518
  },
  "rouge_l_f1": 0.28674959584385007,
  "bleurt_score": 0.0,
  "total_samples": 2338
}