{
  "exact_match": 0.00855431993156544,
  "f1_score": 0.28214657049065084,
  "precision": 0.30386722490573914,
  "recall": 0.275326769898078,
  "bleu_scores": {
    "bleu1": 0.3325492111139086,
    "bleu2": 0.1826577482650135,
    "bleu3": 0.1156393712131356,
    "bleu4": 0.07826023227493738
  },
  "rouge_l_f1": 0.28510421596546764,
  "bleurt_score": 0.0,
  "total_samples": 2338
}