{
  "exact_match": 0.00855431993156544,
  "f1_score": 0.28387602114429294,
  "precision": 0.3061142701754818,
  "recall": 0.27690468521797845,
  "bleu_scores": {
    "bleu1": 0.33508950961100753,
    "bleu2": 0.1856319495278405,
    "bleu3": 0.11803652296957017,
    "bleu4": 0.08000294764802972
  },
  "rouge_l_f1": 0.2862334994622082,
  "bleurt_score": 0.0,
  "total_samples": 2338
}