{
  "exact_match": 0.0106928999144568,
  "f1_score": 0.30844923255811807,
  "precision": 0.325728089407974,
  "recall": 0.3060896150576127,
  "bleu_scores": {
    "bleu1": 0.36450131233595795,
    "bleu2": 0.2156325608139605,
    "bleu3": 0.14391297465642683,
    "bleu4": 0.10087912646325416
  },
  "rouge_l_f1": 0.0,
  "bleurt_score": 0.0,
  "total_samples": 2338
}