{
  "exact_match": 0.0106928999144568,
  "f1_score": 0.3086042634198749,
  "precision": 0.3270415203858299,
  "recall": 0.3055952493574079,
  "bleu_scores": {
    "bleu1": 0.3622337505080411,
    "bleu2": 0.2148122348015676,
    "bleu3": 0.14355721063291305,
    "bleu4": 0.10103372042782326
  },
  "rouge_l_f1": 0.0,
  "bleurt_score": 0.0,
  "total_samples": 2338
}