{
  "exact_match": 0.010265183917878529,
  "f1_score": 0.3084389402215425,
  "precision": 0.32517782821217806,
  "recall": 0.30696192592260557,
  "bleu_scores": {
    "bleu1": 0.36184780724562315,
    "bleu2": 0.21484417111957416,
    "bleu3": 0.14354952305986918,
    "bleu4": 0.10096259720834923
  },
  "rouge_l_f1": 0.0,
  "bleurt_score": 0.0,
  "total_samples": 2338
}