{
  "exact_match": 0.009837467921300257,
  "f1_score": 0.30825780024978444,
  "precision": 0.32687081214199604,
  "recall": 0.3050626059092216,
  "bleu_scores": {
    "bleu1": 0.3586539100143793,
    "bleu2": 0.21253166823745306,
    "bleu3": 0.14194308400421524,
    "bleu4": 0.09979077570888537
  },
  "rouge_l_f1": 0.0,
  "bleurt_score": 0.0,
  "total_samples": 2338
}