{
  "exact_match": 0.2,
  "f1_score": 0.45331827592697155,
  "precision": 0.49504761904761907,
  "recall": 0.4276861167002012,
  "bleu_scores": {
    "bleu1": 0.39077317269166817,
    "bleu2": 0.2605853948842979,
    "bleu3": 0.1830188152145729,
    "bleu4": 0.12804024122279783
  },
  "rouge_l_f1": 0.0,
  "bleurt_score": 0.0,
  "total_samples": 5
}