{
  "exact_match": 0.006843455945252352,
  "f1_score": 0.285221450813414,
  "precision": 0.2924980051001268,
  "recall": 0.29238897384796075,
  "bleu_scores": {
    "bleu1": 0.3304340657075724,
    "bleu2": 0.1819555020363081,
    "bleu3": 0.11434971130471036,
    "bleu4": 0.0763635787821014
  },
  "rouge_l_f1": 0.2833350695387795,
  "bleurt_score": 0.0,
  "total_samples": 2338
}