{
  "exact_match": 0.006843455945252352,
  "f1_score": 0.2855267209844222,
  "precision": 0.29357646758291084,
  "recall": 0.2921246213382086,
  "bleu_scores": {
    "bleu1": 0.33155767437040107,
    "bleu2": 0.1829242302061599,
    "bleu3": 0.11541873703350874,
    "bleu4": 0.07720701815114013
  },
  "rouge_l_f1": 0.2840156514549123,
  "bleurt_score": 0.0,
  "total_samples": 2338
}