{
  "exact_match": 0.0,
  "f1_score": 0.28460606428247265,
  "precision": 0.2973194848353152,
  "recall": 0.28775027491564203,
  "bleu_scores": {
    "bleu1": 0.34462296877852827,
    "bleu2": 0.19082418126567724,
    "bleu3": 0.11893510419684256,
    "bleu4": 0.07831037117028586
  },
  "rouge_l_f1": 0.2864946340877655,
  "bleurt_score": 0.0,
  "total_samples": 553
}