{
  "exact_match": 0.0,
  "f1_score": 0.28268568306982383,
  "precision": 0.29430535415967934,
  "recall": 0.2872626044368259,
  "bleu_scores": {
    "bleu1": 0.3410159074475777,
    "bleu2": 0.188569121623274,
    "bleu3": 0.11790364727244512,
    "bleu4": 0.07857807360142412
  },
  "rouge_l_f1": 0.285065898794976,
  "bleurt_score": 0.0,
  "total_samples": 553
}