{
  "exact_match": 0.0,
  "f1_score": 0.2847734240869643,
  "precision": 0.29807248368982425,
  "recall": 0.2872000579898208,
  "bleu_scores": {
    "bleu1": 0.3458853783982366,
    "bleu2": 0.1905573612858123,
    "bleu3": 0.11900354122685737,
    "bleu4": 0.07876518290019582
  },
  "rouge_l_f1": 0.2864783607554021,
  "bleurt_score": 0.0,
  "total_samples": 553
}