{
  "exact_match": 0.008982035928143712,
  "f1_score": 0.27184834485193027,
  "precision": 0.2879923960681955,
  "recall": 0.27103894470139217,
  "bleu_scores": {
    "bleu1": 0.3283646308139051,
    "bleu2": 0.18069693032006945,
    "bleu3": 0.1140890065178454,
    "bleu4": 0.0768727163080036
  },
  "rouge_l_f1": 0.27431816283096866,
  "bleurt_score": 0.0,
  "total_samples": 2338
}