{
  "exact_match": 0.0,
  "f1_score": 0.26474396425764746,
  "precision": 0.28390909649392326,
  "recall": 0.2626631008508932,
  "bleu_scores": {
    "bleu1": 0.3354826651714793,
    "bleu2": 0.18063561802762412,
    "bleu3": 0.11332746899240737,
    "bleu4": 0.07631323994700638
  },
  "rouge_l_f1": 0.2725382820137093,
  "bleurt_score": 0.0,
  "total_samples": 553
}