{
  "exact_match": 0.00255863539445629,
  "f1_score": 0.14088966738686695,
  "precision": 0.17108359674967355,
  "recall": 0.12938113959482656,
  "bleu_scores": {
    "bleu1": 0.15610812487004258,
    "bleu2": 0.05547714229228361,
    "bleu3": 0.026400599971236196,
    "bleu4": 0.014716419094930787
  },
  "rouge_l_f1": 0.1394326998171686,
  "bleurt_score": 0.31006929934469624,
  "total_samples": 2345
}