{
  "exact_match": 0.0,
  "f1_score": 0.25242834138486314,
  "precision": 0.2544588744588745,
  "recall": 0.26853734500793325,
  "bleu_scores": {
    "bleu1": 0.32420149237211615,
    "bleu2": 0.16804045967197642,
    "bleu3": 0.09604337894633012,
    "bleu4": 0.06235423067149771
  },
  "rouge_l_f1": 0.2886790731618317,
  "bleurt_score": 0.42555168867111204,
  "total_samples": 5
}