{
  "exact_match": 0.013259195893926433,
  "f1_score": 0.3208559144823698,
  "precision": 0.34217385668201167,
  "recall": 0.3151699664878922,
  "bleu_scores": {
    "bleu1": 0.36564309502086223,
    "bleu2": 0.22233728354834936,
    "bleu3": 0.15097628964875917,
    "bleu4": 0.10759232293411429
  },
  "rouge_l_f1": 0.3246174935991903,
  "bleurt_score": 0.0,
  "total_samples": 2338
}