{
  "exact_match": 0.0,
  "f1_score": 0.38236416729898137,
  "precision": 0.40666261613630034,
  "recall": 0.37987256874580816,
  "bleu_scores": {
    "bleu1": 0.3447512055624795,
    "bleu2": 0.1784447382141352,
    "bleu3": 0.11018673981193439,
    "bleu4": 0.07604644357179868
  },
  "rouge_l_f1": 0.4205200501253133,
  "bleurt_score": 0.0,
  "total_samples": 5
}