{
  "exact_match": 0.0,
  "f1_score": 0.3924825008681031,
  "precision": 0.4523726763432646,
  "recall": 0.3659273590259506,
  "bleu_scores": {
    "bleu1": 0.42773684845399224,
    "bleu2": 0.2673853967676722,
    "bleu3": 0.17766427558746595,
    "bleu4": 0.11479954484221323
  },
  "rouge_l_f1": 0.4188956766917293,
  "bleurt_score": 0.0,
  "total_samples": 10
}