{
  "exact_match": 0.01454234388366125,
  "f1_score": 0.33425383353549903,
  "precision": 0.3540433864667399,
  "recall": 0.3312623830324598,
  "bleu_scores": {
    "bleu1": 0.3754761709956984,
    "bleu2": 0.22976214935253392,
    "bleu3": 0.15675815829770998,
    "bleu4": 0.11259115947124436
  },
  "rouge_l_f1": 0.3357453738291618,
  "bleurt_score": 0.0,
  "total_samples": 2338
}