{
  "exact_match": 0.0,
  "f1_score": 0.4159974870864163,
  "precision": 0.43568954854669134,
  "recall": 0.41209255533199196,
  "bleu_scores": {
    "bleu1": 0.4424614246359738,
    "bleu2": 0.2507146332445342,
    "bleu3": 0.1615978795468899,
    "bleu4": 0.11237730324193133
  },
  "rouge_l_f1": 0.4590631904368478,
  "bleurt_score": 0.0,
  "total_samples": 5
}