{
  "exact_match": 0.01454234388366125,
  "f1_score": 0.3326221775537686,
  "precision": 0.3511306502631105,
  "recall": 0.33072021379043914,
  "bleu_scores": {
    "bleu1": 0.37640671834174894,
    "bleu2": 0.22967827931862816,
    "bleu3": 0.15642943967544543,
    "bleu4": 0.11192732223526917
  },
  "rouge_l_f1": 0.33568131697825165,
  "bleurt_score": 0.0,
  "total_samples": 2338
}