{
  "exact_match": 0.013686911890504704,
  "f1_score": 0.3206552691495126,
  "precision": 0.34285932202214064,
  "recall": 0.3142759754132721,
  "bleu_scores": {
    "bleu1": 0.3634317789677875,
    "bleu2": 0.22027522799628116,
    "bleu3": 0.14973237733419745,
    "bleu4": 0.10662972277817839
  },
  "rouge_l_f1": 0.32379816142407325,
  "bleurt_score": 0.0,
  "total_samples": 2338
}