{
  "exact_match": 0.005988023952095809,
  "f1_score": 0.29133170468210023,
  "precision": 0.3065788813569803,
  "recall": 0.29026292502188406,
  "bleu_scores": {
    "bleu1": 0.3427626805021491,
    "bleu2": 0.1888628982754586,
    "bleu3": 0.11893689267359811,
    "bleu4": 0.0796907396718236
  },
  "rouge_l_f1": 0.2889418905954313,
  "bleurt_score": 0.0,
  "total_samples": 2338
}