{
  "exact_match": 0.005988023952095809,
  "f1_score": 0.29155211341675935,
  "precision": 0.30649367481279616,
  "recall": 0.2904718141001319,
  "bleu_scores": {
    "bleu1": 0.34457653937063576,
    "bleu2": 0.19071234222601233,
    "bleu3": 0.12051835664948272,
    "bleu4": 0.08102951633118106
  },
  "rouge_l_f1": 0.28866339236919186,
  "bleurt_score": 0.0,
  "total_samples": 2338
}