{
  "exact_match": 0.0,
  "f1_score": 0.2926691947117349,
  "precision": 0.30111520872868525,
  "recall": 0.30025774233263824,
  "bleu_scores": {
    "bleu1": 0.3461996882735858,
    "bleu2": 0.19394809451904022,
    "bleu3": 0.12309648109399302,
    "bleu4": 0.08232853253679366
  },
  "rouge_l_f1": 0.2921317762934651,
  "bleurt_score": 0.0,
  "total_samples": 553
}