{
  "model_name": "Qwen2VL-Checkpoint-5000",
  "evaluation_style": "SSVP-SLT",
  "evaluation_metrics": {
    "exact_match": 0.0,
    "f1_score": 0.18231845710163216,
    "precision": 0.16792245873017633,
    "recall": 0.2170649013452156,
    "bleu_scores": {
      "bleu1": 0.19460179940019998,
      "bleu2": 0.08405604099656111,
      "bleu3": 0.04545783974755222,
      "bleu4": 0.025990875311894417
    },
    "rouge_l_f1": 0.1772427967287385,
    "bleurt_score": 0.0,
    "total_samples": 109
  },
  "summary": {
    "exact_match": 0.0,
    "f1_score": 0.18231845710163216,
    "precision": 0.16792245873017633,
    "recall": 0.2170649013452156,
    "rouge_l_f1": 0.1772427967287385,
    "bleurt_score": 0.0,
    "bleu_1": 0.19460179940019998,
    "bleu_2": 0.08405604099656111,
    "bleu_3": 0.04545783974755222,
    "bleu_4": 0.025990875311894417,
    "total_samples": 109
  }
}