{
  "model_name": "Qwen2VL-Checkpoint-5000",
  "evaluation_style": "SSVP-SLT",
  "evaluation_metrics": {
    "exact_match": 0.0,
    "f1_score": 0.24119333513356686,
    "precision": 0.2315895951903675,
    "recall": 0.26821625404664884,
    "bleu_scores": {
      "bleu1": 0.24217406260749919,
      "bleu2": 0.12125768111645964,
      "bleu3": 0.07187265567804914,
      "bleu4": 0.04517156513111559
    },
    "rouge_l_f1": 0.23658608645839177,
    "bleurt_score": 0.0,
    "total_samples": 107
  },
  "summary": {
    "exact_match": 0.0,
    "f1_score": 0.24119333513356686,
    "precision": 0.2315895951903675,
    "recall": 0.26821625404664884,
    "rouge_l_f1": 0.23658608645839177,
    "bleurt_score": 0.0,
    "bleu_1": 0.24217406260749919,
    "bleu_2": 0.12125768111645964,
    "bleu_3": 0.07187265567804914,
    "bleu_4": 0.04517156513111559,
    "total_samples": 107
  }
}