{
  "exact_match": 0.009345794392523364,
  "f1_score": 0.21434230973002696,
  "precision": 0.23310895109061675,
  "recall": 0.21488474633143573,
  "bleu_scores": {
    "bleu1": 0.2546292069819602,
    "bleu2": 0.11945215692001966,
    "bleu3": 0.07081631336048115,
    "bleu4": 0.04679133232458872
  },
  "rouge_l_f1": 0.2112386783224145,
  "bleurt_score": 0.0,
  "total_samples": 107
}