{
  "exact_match": 0.0,
  "f1_score": 0.1623020945408033,
  "precision": 0.1687875623284931,
  "recall": 0.17397148075935423,
  "bleu_scores": {
    "bleu1": 0.2262920220772704,
    "bleu2": 0.0961699820413482,
    "bleu3": 0.053868389178724954,
    "bleu4": 0.03322786443412266
  },
  "rouge_l_f1": 0.1609006564651819,
  "bleurt_score": 0.0,
  "total_samples": 109
}