{
  "exact_match": 0.010309278350515464,
  "f1_score": 0.1241125295064409,
  "precision": 0.12647656151047362,
  "recall": 0.13364709829871435,
  "bleu_scores": {
    "bleu1": 0.17129071170084437,
    "bleu2": 0.05832386584013639,
    "bleu3": 0.02755061803975819,
    "bleu4": 0.014631133095062256
  },
  "rouge_l_f1": 0.12846794482171248,
  "bleurt_score": 0.0,
  "total_samples": 97
}