{
  "exact_match": 0.0,
  "f1_score": 0.29211402619206733,
  "precision": 0.3013457054850861,
  "recall": 0.29976725458740966,
  "bleu_scores": {
    "bleu1": 0.3436107321509777,
    "bleu2": 0.19359911939581106,
    "bleu3": 0.12440543767970189,
    "bleu4": 0.08368363844623851
  },
  "rouge_l_f1": 0.2915410849407366,
  "bleurt_score": 0.0,
  "total_samples": 553
}