{
  "exact_match": 0.005560307955517536,
  "f1_score": 0.2895768835557083,
  "precision": 0.3054808326227844,
  "recall": 0.28824520284280464,
  "bleu_scores": {
    "bleu1": 0.346654912760567,
    "bleu2": 0.190668310790901,
    "bleu3": 0.11947895450721817,
    "bleu4": 0.07995708256600081
  },
  "rouge_l_f1": 0.2910607467079085,
  "bleurt_score": 0.0,
  "total_samples": 2338
}