{
  "exact_match": 0.005560307955517536,
  "f1_score": 0.28799056780119286,
  "precision": 0.30396932063110227,
  "recall": 0.2862781433886812,
  "bleu_scores": {
    "bleu1": 0.3447786811786346,
    "bleu2": 0.18900900756547373,
    "bleu3": 0.11836720704247677,
    "bleu4": 0.07906677530547199
  },
  "rouge_l_f1": 0.28931384867036414,
  "bleurt_score": 0.0,
  "total_samples": 2338
}