{
  "exact_match": 0.0,
  "f1_score": 0.11994812313114217,
  "precision": 0.11733728969489088,
  "recall": 0.13216951521703846,
  "bleu_scores": {
    "bleu1": 0.19811320754716977,
    "bleu2": 0.0656912261576595,
    "bleu3": 0.02079335171911314,
    "bleu4": 0.008378903068103585
  },
  "rouge_l_f1": 0.0,
  "bleurt_score": 0.0,
  "total_samples": 50
}