{
  "exact_match": 0.00909090909090909,
  "f1_score": 0.23979028431564475,
  "precision": 0.25468936821646565,
  "recall": 0.24239011101845584,
  "bleu_scores": {
    "bleu1": 0.27899686520376177,
    "bleu2": 0.13946188226155667,
    "bleu3": 0.08196857313752723,
    "bleu4": 0.050773460766267126
  },
  "rouge_l_f1": 0.0,
  "bleurt_score": 0.0,
  "total_samples": 110
}