{
  "exact_match": 0.0,
  "f1_score": 0.12425568726823813,
  "precision": 0.1315863879653371,
  "recall": 0.12711326765755712,
  "bleu_scores": {
    "bleu1": 0.19406400532552268,
    "bleu2": 0.059230149343817484,
    "bleu3": 0.02880063795464605,
    "bleu4": 0.018453829383643663
  },
  "rouge_l_f1": 0.0,
  "bleurt_score": 0.0,
  "total_samples": 110
}