{
  "exact_match": 0.0,
  "f1_score": 0.12533763411412122,
  "precision": 0.11790150463284008,
  "recall": 0.14613445910241576,
  "bleu_scores": {
    "bleu1": 0.18407960199004975,
    "bleu2": 0.06434437551702447,
    "bleu3": 0.024647640351128396,
    "bleu4": 0.010909698896583952
  },
  "rouge_l_f1": 0.0,
  "bleurt_score": 0.0,
  "total_samples": 50
}