{
  "exact_match": 0.00909090909090909,
  "f1_score": 0.21828116586905608,
  "precision": 0.22249618899030293,
  "recall": 0.229216295260862,
  "bleu_scores": {
    "bleu1": 0.2711627906976744,
    "bleu2": 0.13346038178655095,
    "bleu3": 0.07976946918166795,
    "bleu4": 0.0528481685241522
  },
  "rouge_l_f1": 0.0,
  "bleurt_score": 0.0,
  "total_samples": 110
}