{
  "exact_match": 0.0,
  "f1_score": 0.21735885079906092,
  "precision": 0.21330715318569568,
  "recall": 0.24175226482918782,
  "bleu_scores": {
    "bleu1": 0.2843137254901961,
    "bleu2": 0.15343370176323007,
    "bleu3": 0.10116659352959503,
    "bleu4": 0.0715984778627585
  },
  "rouge_l_f1": 0.0,
  "bleurt_score": 0.0,
  "total_samples": 39
}