{
  "exact_match": 0.00909090909090909,
  "f1_score": 0.214609005502274,
  "precision": 0.21570331436347145,
  "recall": 0.22846017323066053,
  "bleu_scores": {
    "bleu1": 0.275941230486685,
    "bleu2": 0.13909676581932864,
    "bleu3": 0.08258453812006604,
    "bleu4": 0.05354538765418919
  },
  "rouge_l_f1": 0.0,
  "bleurt_score": 0.0,
  "total_samples": 110
}