{
  "exact_match": 0.007702182284980745,
  "f1_score": 0.2703807389123207,
  "precision": 0.28384855479246035,
  "recall": 0.2723082982834183,
  "bleu_scores": {
    "bleu1": 0.3294333054595029,
    "bleu2": 0.18046005259654055,
    "bleu3": 0.11340022133444377,
    "bleu4": 0.07634637904126705
  },
  "rouge_l_f1": 0.0,
  "bleurt_score": 0.0,
  "total_samples": 2337
}