{
  "exact_match": 0.009413778348309799,
  "f1_score": 0.2755384288469283,
  "precision": 0.2929624755741736,
  "recall": 0.2739840185237687,
  "bleu_scores": {
    "bleu1": 0.3292697069161953,
    "bleu2": 0.18229549242765017,
    "bleu3": 0.11559330938314094,
    "bleu4": 0.07791624056540489
  },
  "rouge_l_f1": 0.0,
  "bleurt_score": 0.0,
  "total_samples": 2337
}