{
  "exact_match": 0.007702182284980745,
  "f1_score": 0.27108935098294723,
  "precision": 0.2813836322665578,
  "recall": 0.2754039924000567,
  "bleu_scores": {
    "bleu1": 0.323844100373732,
    "bleu2": 0.17778350472119692,
    "bleu3": 0.11250366477640515,
    "bleu4": 0.07622329802394097
  },
  "rouge_l_f1": 0.0,
  "bleurt_score": 0.0,
  "total_samples": 2337
}