{
  "exact_match": 0.009413778348309799,
  "f1_score": 0.27850411073869946,
  "precision": 0.2931796923862574,
  "recall": 0.2795280412222142,
  "bleu_scores": {
    "bleu1": 0.32805585392051556,
    "bleu2": 0.18203641046569985,
    "bleu3": 0.1152398280639982,
    "bleu4": 0.07698779254166638
  },
  "rouge_l_f1": 0.0,
  "bleurt_score": 0.0,
  "total_samples": 2337
}