{
  "exact_match": 0.00641573994867408,
  "f1_score": 0.2904011233403319,
  "precision": 0.30401370061976113,
  "recall": 0.2908459889816463,
  "bleu_scores": {
    "bleu1": 0.346563534337509,
    "bleu2": 0.19054500834609628,
    "bleu3": 0.12009674026987822,
    "bleu4": 0.0806149028358103
  },
  "rouge_l_f1": 0.2878334233116723,
  "bleurt_score": 0.0,
  "total_samples": 2338
}