{
  "exact_match": 0.00641573994867408,
  "f1_score": 0.2904421326642186,
  "precision": 0.30377058922231076,
  "recall": 0.2908550018769876,
  "bleu_scores": {
    "bleu1": 0.3484529750729859,
    "bleu2": 0.191299593961759,
    "bleu3": 0.12054043580018836,
    "bleu4": 0.08084132398879013
  },
  "rouge_l_f1": 0.288531619598418,
  "bleurt_score": 0.0,
  "total_samples": 2338
}