{
  "exact_match": 0.00641573994867408,
  "f1_score": 0.28934385180603944,
  "precision": 0.3022361185441039,
  "recall": 0.29035271979160393,
  "bleu_scores": {
    "bleu1": 0.34663061811159296,
    "bleu2": 0.19048790509124866,
    "bleu3": 0.1196284450402904,
    "bleu4": 0.08013430824231275
  },
  "rouge_l_f1": 0.2865976902609446,
  "bleurt_score": 0.0,
  "total_samples": 2338
}