{
  "exact_match": 0.00641573994867408,
  "f1_score": 0.2896959412348845,
  "precision": 0.3031187735089138,
  "recall": 0.29025125758992437,
  "bleu_scores": {
    "bleu1": 0.34654268633234847,
    "bleu2": 0.19052798389268388,
    "bleu3": 0.11995593160007041,
    "bleu4": 0.08055679105096578
  },
  "rouge_l_f1": 0.28746704813406054,
  "bleurt_score": 0.0,
  "total_samples": 2338
}