{
  "exact_match": 0.008126603934987169,
  "f1_score": 0.28489519026841403,
  "precision": 0.30492333208130784,
  "recall": 0.27941250763911113,
  "bleu_scores": {
    "bleu1": 0.33433138686115027,
    "bleu2": 0.18503078071558388,
    "bleu3": 0.11796563470255293,
    "bleu4": 0.08038621992519648
  },
  "rouge_l_f1": 0.28687796883972927,
  "bleurt_score": 0.0,
  "total_samples": 2338
}