{
  "exact_match": 0.008126603934987169,
  "f1_score": 0.2840301925718014,
  "precision": 0.30479599196442514,
  "recall": 0.278172094971284,
  "bleu_scores": {
    "bleu1": 0.33447023363587247,
    "bleu2": 0.18467117954983883,
    "bleu3": 0.11792763509376153,
    "bleu4": 0.08056569503565596
  },
  "rouge_l_f1": 0.28638391719632306,
  "bleurt_score": 0.0,
  "total_samples": 2338
}