{
  "exact_match": 0.007698887938408896,
  "f1_score": 0.2861598958199303,
  "precision": 0.30613523327887415,
  "recall": 0.2813391441158678,
  "bleu_scores": {
    "bleu1": 0.3361249609356671,
    "bleu2": 0.18640825877259232,
    "bleu3": 0.11886138346130583,
    "bleu4": 0.08095524485875279
  },
  "rouge_l_f1": 0.28707898575599733,
  "bleurt_score": 0.0,
  "total_samples": 2338
}