{
  "exact_match": 0.0,
  "f1_score": 0.059813557180488475,
  "precision": 0.03858271053463553,
  "recall": 0.1648908210504923,
  "bleu_scores": {
    "bleu1": 0.04381763167341914,
    "bleu2": 0.009157900174747779,
    "bleu3": 0.0018298511379453658,
    "bleu4": 0.00042378791346796366
  },
  "rouge_l_f1": 0.0,
  "bleurt_score": 0.0,
  "total_samples": 839
}