{
  "bleu1": {
    "statistics": {
      "count": 2000,
      "mean": 0.19524889013742414,
      "median": 0.16845290171123573,
      "std_dev": 0.13221113042285254,
      "min": 0.0,
      "max": 1.0000000000000004
    },
    "percentiles": {
      "25th": 0.11111111111111109,
      "50th": 0.16851974021791002,
      "75th": 0.24999999999999997,
      "90th": 0.33665116817642954,
      "95th": 0.44124845129229767,
      "99th": 0.6666666666666669
    },
    "special_counts": {
      "zero_scores": 50,
      "perfect_scores": 10
    },
    "bins": {
      "0.0-0.1": {
        "count": 401,
        "percentage": 20.05
      },
      "0.1-0.2": {
        "count": 829,
        "percentage": 41.449999999999996
      },
      "0.2-0.3": {
        "count": 469,
        "percentage": 23.45
      },
      "0.3-0.4": {
        "count": 164,
        "percentage": 8.200000000000001
      },
      "0.4-0.5": {
        "count": 90,
        "percentage": 4.5
      },
      "0.5-0.6": {
        "count": 17,
        "percentage": 0.8500000000000001
      },
      "0.6-0.7": {
        "count": 13,
        "percentage": 0.65
      },
      "0.7-0.8": {
        "count": 6,
        "percentage": 0.3
      },
      "0.8-0.9": {
        "count": 1,
        "percentage": 0.05
      },
      "0.9-1.0": {
        "count": 0,
        "percentage": 0.0
      }
    }
  },
  "bleu4": {
    "statistics": {
      "count": 2000,
      "mean": 0.04654326509270766,
      "median": 0.03130743172172377,
      "std_dev": 0.06193565134994074,
      "min": 0.0,
      "max": 1.0000000000000004
    },
    "percentiles": {
      "25th": 0.021201647519336796,
      "50th": 0.03130743172172377,
      "75th": 0.05019878544914281,
      "90th": 0.0850745583315171,
      "95th": 0.12944315424334968,
      "99th": 0.32466791547509893
    },
    "special_counts": {
      "zero_scores": 91,
      "perfect_scores": 2
    },
    "bins": {
      "0.0-0.1": {
        "count": 1851,
        "percentage": 92.55
      },
      "0.1-0.2": {
        "count": 100,
        "percentage": 5.0
      },
      "0.2-0.3": {
        "count": 23,
        "percentage": 1.15
      },
      "0.3-0.4": {
        "count": 17,
        "percentage": 0.8500000000000001
      },
      "0.4-0.5": {
        "count": 4,
        "percentage": 0.2
      },
      "0.5-0.6": {
        "count": 1,
        "percentage": 0.05
      },
      "0.6-0.7": {
        "count": 2,
        "percentage": 0.1
      },
      "0.7-0.8": {
        "count": 0,
        "percentage": 0.0
      },
      "0.8-0.9": {
        "count": 0,
        "percentage": 0.0
      },
      "0.9-1.0": {
        "count": 0,
        "percentage": 0.0
      }
    }
  }
}