{
  "model_name": "Qwen2VL-Checkpoint-5000",
  "evaluation_style": "SSVP-SLT",
  "evaluation_metrics": {
    "exact_match": 0.0,
    "f1_score": 0.20904577768201013,
    "precision": 0.1958463680604443,
    "recall": 0.23984840916659098,
    "bleu_scores": {
      "bleu1": 0.23122065727699528,
      "bleu2": 0.11761681230988996,
      "bleu3": 0.07503130529221919,
      "bleu4": 0.042818046795127254
    },
    "rouge_l_f1": 0.23239263109436667,
    "bleurt_score": 0.0,
    "total_samples": 33
  },
  "summary": {
    "exact_match": 0.0,
    "f1_score": 0.20904577768201013,
    "precision": 0.1958463680604443,
    "recall": 0.23984840916659098,
    "rouge_l_f1": 0.23239263109436667,
    "bleurt_score": 0.0,
    "bleu_1": 0.23122065727699528,
    "bleu_2": 0.11761681230988996,
    "bleu_3": 0.07503130529221919,
    "bleu_4": 0.042818046795127254,
    "total_samples": 33
  }
}