{
  "model_name": "Qwen2VL-Checkpoint-5000",
  "evaluation_style": "SSVP-SLT",
  "evaluation_metrics": {
    "exact_match": 0.031578947368421054,
    "f1_score": 0.29472463770267626,
    "precision": 0.30151042212677265,
    "recall": 0.30045465392540066,
    "bleu_scores": {
      "bleu1": 0.302491103202847,
      "bleu2": 0.16039144080108222,
      "bleu3": 0.09700707639268956,
      "bleu4": 0.06142080253858355
    },
    "rouge_l_f1": 0.2904784027284313,
    "bleurt_score": 0.0,
    "total_samples": 95
  },
  "summary": {
    "exact_match": 0.031578947368421054,
    "f1_score": 0.29472463770267626,
    "precision": 0.30151042212677265,
    "recall": 0.30045465392540066,
    "rouge_l_f1": 0.2904784027284313,
    "bleurt_score": 0.0,
    "bleu_1": 0.302491103202847,
    "bleu_2": 0.16039144080108222,
    "bleu_3": 0.09700707639268956,
    "bleu_4": 0.06142080253858355,
    "total_samples": 95
  }
}