{
  "model_name": "Qwen2VL-Checkpoint-5000",
  "evaluation_style": "SSVP-SLT",
  "evaluation_metrics": {
    "exact_match": 0.0030840400925212026,
    "f1_score": 0.10623452877149571,
    "precision": 0.1347865184623934,
    "recall": 0.09336901443440652,
    "bleu_scores": {
      "bleu1": 0.17125543427820972,
      "bleu2": 0.06414644134104149,
      "bleu3": 0.028814180521313168,
      "bleu4": 0.015027986639968521
    },
    "rouge_l_f1": 0.1180638787389722,
    "bleurt_score": 0.0,
    "total_samples": 1297
  },
  "summary": {
    "exact_match": 0.0030840400925212026,
    "f1_score": 0.10623452877149571,
    "precision": 0.1347865184623934,
    "recall": 0.09336901443440652,
    "rouge_l_f1": 0.1180638787389722,
    "bleurt_score": 0.0,
    "bleu_1": 0.17125543427820972,
    "bleu_2": 0.06414644134104149,
    "bleu_3": 0.028814180521313168,
    "bleu_4": 0.015027986639968521,
    "total_samples": 1297
  }
}