{
  "model_name": "Qwen2VL-Checkpoint-5000",
  "evaluation_style": "SSVP-SLT",
  "evaluation_metrics": {
    "exact_match": 0.01818181818181818,
    "f1_score": 0.21384546588301523,
    "precision": 0.21761519701561188,
    "recall": 0.22575356367920812,
    "bleu_scores": {
      "bleu1": 0.2574850299401198,
      "bleu2": 0.13078238608271112,
      "bleu3": 0.07675738928572047,
      "bleu4": 0.047167928334573034
    },
    "rouge_l_f1": 0.20089583813557604,
    "bleurt_score": 0.0,
    "total_samples": 55
  },
  "summary": {
    "exact_match": 0.01818181818181818,
    "f1_score": 0.21384546588301523,
    "precision": 0.21761519701561188,
    "recall": 0.22575356367920812,
    "rouge_l_f1": 0.20089583813557604,
    "bleurt_score": 0.0,
    "bleu_1": 0.2574850299401198,
    "bleu_2": 0.13078238608271112,
    "bleu_3": 0.07675738928572047,
    "bleu_4": 0.047167928334573034,
    "total_samples": 55
  }
}