{
  "model_name": "Qwen2VL-Checkpoint-5000",
  "evaluation_style": "SSVP-SLT",
  "evaluation_metrics": {
    "exact_match": 0.022222222222222223,
    "f1_score": 0.20025131412186573,
    "precision": 0.20142045085645652,
    "recall": 0.2124251981852434,
    "bleu_scores": {
      "bleu1": 0.1216216216216216,
      "bleu2": 0.05444940395244352,
      "bleu3": 0.02867701053940735,
      "bleu4": 0.014247482980151483
    },
    "rouge_l_f1": 0.18878051915122146,
    "bleurt_score": 0.0,
    "total_samples": 45
  },
  "summary": {
    "exact_match": 0.022222222222222223,
    "f1_score": 0.20025131412186573,
    "precision": 0.20142045085645652,
    "recall": 0.2124251981852434,
    "rouge_l_f1": 0.18878051915122146,
    "bleurt_score": 0.0,
    "bleu_1": 0.1216216216216216,
    "bleu_2": 0.05444940395244352,
    "bleu_3": 0.02867701053940735,
    "bleu_4": 0.014247482980151483,
    "total_samples": 45
  }
}