{
  "model_name": "Qwen2VL-Checkpoint-5000",
  "evaluation_style": "SSVP-SLT",
  "evaluation_metrics": {
    "exact_match": 0.0,
    "f1_score": 0.23022840946559828,
    "precision": 0.2101123643525352,
    "recall": 0.2737392738314808,
    "bleu_scores": {
      "bleu1": 0.21659676452965848,
      "bleu2": 0.1038892094466684,
      "bleu3": 0.06046953243946491,
      "bleu4": 0.03850693430840546
    },
    "rouge_l_f1": 0.2143701172495635,
    "bleurt_score": 0.0,
    "total_samples": 107
  },
  "summary": {
    "exact_match": 0.0,
    "f1_score": 0.23022840946559828,
    "precision": 0.2101123643525352,
    "recall": 0.2737392738314808,
    "rouge_l_f1": 0.2143701172495635,
    "bleurt_score": 0.0,
    "bleu_1": 0.21659676452965848,
    "bleu_2": 0.1038892094466684,
    "bleu_3": 0.06046953243946491,
    "bleu_4": 0.03850693430840546,
    "total_samples": 107
  }
}