{
  "exact_match": 0.009345794392523364,
  "f1_score": 0.20277613835715327,
  "precision": 0.21469646475263512,
  "recall": 0.2097560763760738,
  "bleu_scores": {
    "bleu1": 0.2371737173717372,
    "bleu2": 0.10747234047217391,
    "bleu3": 0.06325489325820949,
    "bleu4": 0.03988076371359663
  },
  "rouge_l_f1": 0.2044707838796255,
  "bleurt_score": 0.0,
  "total_samples": 107
}