{
  "exact_match": 0.006,
  "f1_score": 0.1312185672630688,
  "precision": 0.15760892950137265,
  "recall": 0.12166227340048696,
  "bleu_scores": {
    "bleu1": 0.18209883607610422,
    "bleu2": 0.0690912724415955,
    "bleu3": 0.0329593032222921,
    "bleu4": 0.016286478282242042
  },
  "rouge_l_f1": 0.13976564550161766,
  "bleurt_score": 0.0,
  "total_samples": 500
}