{
  "exact_match": 0.04,
  "f1_score": 0.20333770910993498,
  "precision": 0.2001948037056396,
  "recall": 0.21676181596181596,
  "bleu_scores": {
    "bleu1": 0.21021611001964632,
    "bleu2": 0.09320201777061649,
    "bleu3": 0.04556898088758159,
    "bleu4": 0.021596315965494037
  },
  "rouge_l_f1": 0.18845576803932274,
  "bleurt_score": 0.0,
  "total_samples": 25
}