{
  "exact_match": 0.0,
  "f1_score": 0.17562218534384055,
  "precision": 0.17945500535143155,
  "recall": 0.1940579673114915,
  "bleu_scores": {
    "bleu1": 0.22769089236430545,
    "bleu2": 0.10016903680628163,
    "bleu3": 0.055871760241203355,
    "bleu4": 0.031164490974703325
  },
  "rouge_l_f1": 0.17356457676162979,
  "bleurt_score": 0.0,
  "total_samples": 109
}