{
  "exact_match": 0.012,
  "f1_score": 0.18811338368069155,
  "precision": 0.20730170837896642,
  "recall": 0.18886065523948467,
  "bleu_scores": {
    "bleu1": 0.23244992919279783,
    "bleu2": 0.1048614646053233,
    "bleu3": 0.0577940828214543,
    "bleu4": 0.03367936304827341
  },
  "rouge_l_f1": 0.18053046525119693,
  "bleurt_score": 0.0,
  "total_samples": 250
}