{
  "exact_match": 0.006666666666666667,
  "f1_score": 0.17453498084012165,
  "precision": 0.1962108374655315,
  "recall": 0.1699439630290071,
  "bleu_scores": {
    "bleu1": 0.23256083043569295,
    "bleu2": 0.10473947291284573,
    "bleu3": 0.057356098902334667,
    "bleu4": 0.03404670872474283
  },
  "rouge_l_f1": 0.17709019742027404,
  "bleurt_score": 0.0,
  "total_samples": 300
}