{
  "exact_match": 0.0,
  "f1_score": 0.16316320547549928,
  "precision": 0.171765111605722,
  "recall": 0.17000941012256526,
  "bleu_scores": {
    "bleu1": 0.22477962781586677,
    "bleu2": 0.0970521266573512,
    "bleu3": 0.05310406404639738,
    "bleu4": 0.03199448320416084
  },
  "rouge_l_f1": 0.16203765300724746,
  "bleurt_score": 0.0,
  "total_samples": 109
}