{
  "exact_match": 0.008,
  "f1_score": 0.16651439545023566,
  "precision": 0.16886625352653012,
  "recall": 0.18270989363078818,
  "bleu_scores": {
    "bleu1": 0.21716514954486343,
    "bleu2": 0.09036246885056679,
    "bleu3": 0.04672397278224076,
    "bleu4": 0.026375531376397154
  },
  "rouge_l_f1": 0.16240115475462574,
  "bleurt_score": 0.0,
  "total_samples": 250
}