{
  "exact_match": 0.004,
  "f1_score": 0.14565189191156777,
  "precision": 0.14294773930864052,
  "recall": 0.1663290841836228,
  "bleu_scores": {
    "bleu1": 0.15024130048260098,
    "bleu2": 0.055644964363967785,
    "bleu3": 0.024839746315310385,
    "bleu4": 0.0119150022532689
  },
  "rouge_l_f1": 0.13172469537017273,
  "bleurt_score": 0.0,
  "total_samples": 2000
}