{
  "exact_match": 0.0,
  "f1_score": 0.1497361199874998,
  "precision": 0.16502274714160292,
  "recall": 0.15327657861895644,
  "bleu_scores": {
    "bleu1": 0.21113536547723089,
    "bleu2": 0.08204757407240403,
    "bleu3": 0.03856732329894638,
    "bleu4": 0.021404833365110485
  },
  "rouge_l_f1": 0.149791658943066,
  "bleurt_score": 0.0,
  "total_samples": 110
}