{
  "exact_match": 0.04,
  "f1_score": 0.19675811540037014,
  "precision": 0.2134187381246205,
  "recall": 0.19951638361638363,
  "bleu_scores": {
    "bleu1": 0.2253529012507528,
    "bleu2": 0.10130991835690832,
    "bleu3": 0.057966599229449,
    "bleu4": 0.036084993131154375
  },
  "rouge_l_f1": 0.17071734563533258,
  "bleurt_score": 0.0,
  "total_samples": 25
}