{
  "exact_match": 0.00855431993156544,
  "f1_score": 0.28531776319460467,
  "precision": 0.29821156763452095,
  "recall": 0.28681479462449994,
  "bleu_scores": {
    "bleu1": 0.34256370254810187,
    "bleu2": 0.18985178411148354,
    "bleu3": 0.11974934500781181,
    "bleu4": 0.08053289503978191
  },
  "rouge_l_f1": 0.2847842281080647,
  "bleurt_score": 0.0,
  "total_samples": 2338
}