{
  "exact_match": 0.00855431993156544,
  "f1_score": 0.2854456505080108,
  "precision": 0.2989781807722153,
  "recall": 0.2863762346889983,
  "bleu_scores": {
    "bleu1": 0.3409543604399412,
    "bleu2": 0.18819475536698188,
    "bleu3": 0.1185333056298273,
    "bleu4": 0.07950211113406669
  },
  "rouge_l_f1": 0.2847934554930487,
  "bleurt_score": 0.0,
  "total_samples": 2338
}