{
  "exact_match": 0.0,
  "f1_score": 0.019925418006646017,
  "precision": 0.010287339688428617,
  "recall": 0.3235930735930736,
  "bleu_scores": {
    "bleu1": 0.004611650485436893,
    "bleu2": 0.0014967620278793416,
    "bleu3": 0.0006481423660466979,
    "bleu4": 0.0003587161589494171
  },
  "rouge_l_f1": 0.008880910448779401,
  "bleurt_score": 0.0,
  "total_samples": 3
}