{
  "exact_match": 0.0,
  "f1_score": 0.04400125099237376,
  "precision": 0.02350116614076005,
  "recall": 0.34523809523809523,
  "bleu_scores": {
    "bleu1": 0.0058167716917111,
    "bleu2": 0.0016799718828818839,
    "bleu3": 0.0008816696570671544,
    "bleu4": 0.0005372245493554855
  },
  "rouge_l_f1": 0.0109068865464861,
  "bleurt_score": 0.0,
  "total_samples": 2
}