{
  "exact_match": 0.0,
  "f1_score": 0.041717012431137235,
  "precision": 0.022265235633649363,
  "recall": 0.34523809523809523,
  "bleu_scores": {
    "bleu1": 0.0106544901065449,
    "bleu2": 0.0028497018065204737,
    "bleu3": 0.0014580279455101023,
    "bleu4": 0.0008773188328709863
  },
  "rouge_l_f1": 0.019081430804978965,
  "bleurt_score": 0.0,
  "total_samples": 2
}