{
  "exact_match": 0.0,
  "f1_score": 0.03474297097735271,
  "precision": 0.01837285902503294,
  "recall": 0.32106782106782106,
  "bleu_scores": {
    "bleu1": 0.008616047388260635,
    "bleu2": 0.002155753870679499,
    "bleu3": 0.0010787495930695936,
    "bleu4": 0.0006419482128161013
  },
  "rouge_l_f1": 0.017901505240740676,
  "bleurt_score": 0.0,
  "total_samples": 3
}