{
  "exact_match": 0.0,
  "f1_score": 0.026912438569997768,
  "precision": 0.014269586365775112,
  "recall": 0.24170274170274167,
  "bleu_scores": {
    "bleu1": 0.007357449417535255,
    "bleu2": 0.0021258687222024918,
    "bleu3": 0.0011161687037201493,
    "bleu4": 0.0006804084062673299
  },
  "rouge_l_f1": 0.013535095529402264,
  "bleurt_score": 0.0,
  "total_samples": 3
}