{
  "exact_match": 0.0,
  "f1_score": 0.034482758620689655,
  "precision": 0.0196078431372549,
  "recall": 0.14285714285714285,
  "bleu_scores": {
    "bleu1": 0.009915014164305949,
    "bleu2": 0.003752842514406192,
    "bleu3": 0.0021566741059074845,
    "bleu4": 0.001375779662436493
  },
  "rouge_l_f1": 0.023377403846153846,
  "bleurt_score": 0.0,
  "total_samples": 2
}