{
  "exact_match": 0.0,
  "f1_score": 0.03603080569560097,
  "precision": 0.01922662365363402,
  "recall": 0.2907647907647908,
  "bleu_scores": {
    "bleu1": 0.010676156583629892,
    "bleu2": 0.0019512749209867164,
    "bleu3": 0.0008795348924373191,
    "bleu4": 0.0004968164343875523
  },
  "rouge_l_f1": 0.017221966895908294,
  "bleurt_score": 0.0,
  "total_samples": 3
}