{
  "exact_match": 0.01069747539580659,
  "f1_score": 0.27726900231046464,
  "precision": 0.2862481654616118,
  "recall": 0.28269319771955165,
  "bleu_scores": {
    "bleu1": 0.32413399314807767,
    "bleu2": 0.182149670210123,
    "bleu3": 0.11862690882910021,
    "bleu4": 0.0818854344706158
  },
  "rouge_l_f1": 0.0,
  "bleurt_score": 0.0,
  "total_samples": 2337
}