{
  "exact_match": 0.01069747539580659,
  "f1_score": 0.2787860142236933,
  "precision": 0.2886397420061818,
  "recall": 0.28327035776442955,
  "bleu_scores": {
    "bleu1": 0.32659449029906745,
    "bleu2": 0.18361638529379673,
    "bleu3": 0.1186621724490375,
    "bleu4": 0.08175558212821935
  },
  "rouge_l_f1": 0.0,
  "bleurt_score": 0.0,
  "total_samples": 2337
}