{
  "exact_match": 0.00641573994867408,
  "f1_score": 0.29106079929602985,
  "precision": 0.3063701144949849,
  "recall": 0.2898069829749839,
  "bleu_scores": {
    "bleu1": 0.34433259091058027,
    "bleu2": 0.1901428449490673,
    "bleu3": 0.11980763883702686,
    "bleu4": 0.08026498202094956
  },
  "rouge_l_f1": 0.2887841643969985,
  "bleurt_score": 0.0,
  "total_samples": 2338
}