{
  "model_name": "Base-Qwen2VL-3B",
  "evaluation_style": "SSVP-SLT",
  "evaluation_metrics": {
    "exact_match": 0.0,
    "f1_score": 0.1288956527059975,
    "precision": 0.13885642135642134,
    "recall": 0.13388278388278388,
    "bleu_scores": {
      "bleu1": 0.16694303087089352,
      "bleu2": 0.06009949111352166,
      "bleu3": 0.02419126630579834,
      "bleu4": 0.013202985386665107
    },
    "rouge_l_f1": 0.12327865117338804,
    "bleurt_score": 0.0,
    "total_samples": 10
  },
  "summary": {
    "exact_match": 0.0,
    "f1_score": 0.1288956527059975,
    "precision": 0.13885642135642134,
    "recall": 0.13388278388278388,
    "rouge_l_f1": 0.12327865117338804,
    "bleurt_score": 0.0,
    "bleu_1": 0.16694303087089352,
    "bleu_2": 0.06009949111352166,
    "bleu_3": 0.02419126630579834,
    "bleu_4": 0.013202985386665107,
    "total_samples": 10
  }
}