{
  "model_name": "Base-Qwen2VL-3B",
  "evaluation_style": "SSVP-SLT",
  "evaluation_metrics": {
    "exact_match": 0.0,
    "f1_score": 0.1029947986896941,
    "precision": 0.11737012987012987,
    "recall": 0.10083333333333333,
    "bleu_scores": {
      "bleu1": 0.0,
      "bleu2": 0.0,
      "bleu3": 0.0,
      "bleu4": 0.0
    },
    "rouge_l_f1": 0.0,
    "bleurt_score": 0.0,
    "total_samples": 10
  },
  "summary": {
    "exact_match": 0.0,
    "f1_score": 0.1029947986896941,
    "precision": 0.11737012987012987,
    "recall": 0.10083333333333333,
    "rouge_l_f1": 0.0,
    "bleurt_score": 0.0,
    "bleu_1": 0.0,
    "bleu_2": 0.0,
    "bleu_3": 0.0,
    "bleu_4": 0.0,
    "total_samples": 10
  }
}