{
  "model_name": "Qwen2VL-Checkpoint-5000",
  "evaluation_style": "SSVP-SLT",
  "evaluation_metrics": {
    "exact_match": 0.0,
    "f1_score": 0.0986237099846791,
    "precision": 0.11276223776223776,
    "recall": 0.09408058608058607,
    "bleu_scores": {
      "bleu1": 0.11328182955369061,
      "bleu2": 0.02202404123621569,
      "bleu3": 0.010473723241757115,
      "bleu4": 0.0062468025376190735
    },
    "rouge_l_f1": 0.06603963053963054,
    "bleurt_score": 0.0,
    "total_samples": 15
  },
  "summary": {
    "exact_match": 0.0,
    "f1_score": 0.0986237099846791,
    "precision": 0.11276223776223776,
    "recall": 0.09408058608058607,
    "rouge_l_f1": 0.06603963053963054,
    "bleurt_score": 0.0,
    "bleu_1": 0.11328182955369061,
    "bleu_2": 0.02202404123621569,
    "bleu_3": 0.010473723241757115,
    "bleu_4": 0.0062468025376190735,
    "total_samples": 15
  }
}