{
  "model_name": "Qwen2VL-Checkpoint-5000",
  "evaluation_style": "SSVP-SLT",
  "evaluation_metrics": {
    "exact_match": 0.0,
    "f1_score": 0.08699060927052815,
    "precision": 0.11158970658970659,
    "recall": 0.07876312576312577,
    "bleu_scores": {
      "bleu1": 0.10733832227249937,
      "bleu2": 0.03635152237259323,
      "bleu3": 0.014489479292755798,
      "bleu4": 0.007946588165548734
    },
    "rouge_l_f1": 0.07854529325249304,
    "bleurt_score": 0.0,
    "total_samples": 15
  },
  "summary": {
    "exact_match": 0.0,
    "f1_score": 0.08699060927052815,
    "precision": 0.11158970658970659,
    "recall": 0.07876312576312577,
    "rouge_l_f1": 0.07854529325249304,
    "bleurt_score": 0.0,
    "bleu_1": 0.10733832227249937,
    "bleu_2": 0.03635152237259323,
    "bleu_3": 0.014489479292755798,
    "bleu_4": 0.007946588165548734,
    "total_samples": 15
  }
}