{
  "model_name": "Qwen2VL-Checkpoint-5000",
  "evaluation_style": "SSVP-SLT",
  "evaluation_metrics": {
    "exact_match": 0.0,
    "f1_score": 0.15470872928116144,
    "precision": 0.13024258390947657,
    "recall": 0.21151480741480744,
    "bleu_scores": {
      "bleu1": 0.1017087062652563,
      "bleu2": 0.038994384900899674,
      "bleu3": 0.013714293711979846,
      "bleu4": 0.006872909513984579
    },
    "rouge_l_f1": 0.11700679009427348,
    "bleurt_score": 0.0,
    "total_samples": 25
  },
  "summary": {
    "exact_match": 0.0,
    "f1_score": 0.15470872928116144,
    "precision": 0.13024258390947657,
    "recall": 0.21151480741480744,
    "rouge_l_f1": 0.11700679009427348,
    "bleurt_score": 0.0,
    "bleu_1": 0.1017087062652563,
    "bleu_2": 0.038994384900899674,
    "bleu_3": 0.013714293711979846,
    "bleu_4": 0.006872909513984579,
    "total_samples": 25
  }
}