{
  "model_name": "Qwen2VL-Checkpoint-5000",
  "evaluation_style": "SSVP-SLT",
  "evaluation_metrics": {
    "exact_match": 0.05,
    "f1_score": 0.17610635310269185,
    "precision": 0.15932138840691473,
    "recall": 0.2352058497058497,
    "bleu_scores": {
      "bleu1": 0.05976095617529881,
      "bleu2": 0.023728122834017734,
      "bleu3": 0.010483460972331004,
      "bleu4": 0.00531204052159123
    },
    "rouge_l_f1": 0.15961125340995658,
    "bleurt_score": 0.0,
    "total_samples": 20
  },
  "summary": {
    "exact_match": 0.05,
    "f1_score": 0.17610635310269185,
    "precision": 0.15932138840691473,
    "recall": 0.2352058497058497,
    "rouge_l_f1": 0.15961125340995658,
    "bleurt_score": 0.0,
    "bleu_1": 0.05976095617529881,
    "bleu_2": 0.023728122834017734,
    "bleu_3": 0.010483460972331004,
    "bleu_4": 0.00531204052159123,
    "total_samples": 20
  }
}