{
  "model_name": "Qwen2VL-Checkpoint-5000",
  "evaluation_style": "SSVP-SLT",
  "evaluation_metrics": {
    "exact_match": 0.0,
    "f1_score": 0.09334075001914552,
    "precision": 0.11249715197083617,
    "recall": 0.09239400810829383,
    "bleu_scores": {
      "bleu1": 0.10635647912638545,
      "bleu2": 0.03646764498465822,
      "bleu3": 0.020886612881510086,
      "bleu4": 0.013631241098283297
    },
    "rouge_l_f1": 0.08265047893002564,
    "bleurt_score": 0.0,
    "total_samples": 21
  },
  "summary": {
    "exact_match": 0.0,
    "f1_score": 0.09334075001914552,
    "precision": 0.11249715197083617,
    "recall": 0.09239400810829383,
    "rouge_l_f1": 0.08265047893002564,
    "bleurt_score": 0.0,
    "bleu_1": 0.10635647912638545,
    "bleu_2": 0.03646764498465822,
    "bleu_3": 0.020886612881510086,
    "bleu_4": 0.013631241098283297,
    "total_samples": 21
  }
}