{
  "model_name": "Qwen2VL-Checkpoint-5000",
  "evaluation_style": "SSVP-SLT",
  "evaluation_metrics": {
    "exact_match": 0.05,
    "f1_score": 0.1768647145846911,
    "precision": 0.16865943420035492,
    "recall": 0.20426140526140527,
    "bleu_scores": {
      "bleu1": 0.05692199578355587,
      "bleu2": 0.01801591057068672,
      "bleu3": 0.004895759624135587,
      "bleu4": 0.0021535079250520005
    },
    "rouge_l_f1": 0.1666751907939917,
    "bleurt_score": 0.0,
    "total_samples": 20
  },
  "summary": {
    "exact_match": 0.05,
    "f1_score": 0.1768647145846911,
    "precision": 0.16865943420035492,
    "recall": 0.20426140526140527,
    "rouge_l_f1": 0.1666751907939917,
    "bleurt_score": 0.0,
    "bleu_1": 0.05692199578355587,
    "bleu_2": 0.01801591057068672,
    "bleu_3": 0.004895759624135587,
    "bleu_4": 0.0021535079250520005,
    "total_samples": 20
  }
}