{
  "model_name": "Qwen2VL-Checkpoint-5000",
  "evaluation_style": "SSVP-SLT",
  "evaluation_metrics": {
    "exact_match": 0.0,
    "f1_score": 0.14392922281216342,
    "precision": 0.11711145090506918,
    "recall": 0.20993709068709068,
    "bleu_scores": {
      "bleu1": 0.1383125864453665,
      "bleu2": 0.05248282534541886,
      "bleu3": 0.02005462605731077,
      "bleu4": 0.010494349290306572
    },
    "rouge_l_f1": 0.11864832147908286,
    "bleurt_score": 0.0,
    "total_samples": 20
  },
  "summary": {
    "exact_match": 0.0,
    "f1_score": 0.14392922281216342,
    "precision": 0.11711145090506918,
    "recall": 0.20993709068709068,
    "rouge_l_f1": 0.11864832147908286,
    "bleurt_score": 0.0,
    "bleu_1": 0.1383125864453665,
    "bleu_2": 0.05248282534541886,
    "bleu_3": 0.02005462605731077,
    "bleu_4": 0.010494349290306572,
    "total_samples": 20
  }
}