{
  "model_name": "Qwen2VL-Checkpoint-5000",
  "evaluation_style": "SSVP-SLT",
  "evaluation_metrics": {
    "exact_match": 0.05,
    "f1_score": 0.19648154929322453,
    "precision": 0.17488138019388016,
    "recall": 0.24174048174048174,
    "bleu_scores": {
      "bleu1": 0.10171198388721046,
      "bleu2": 0.040896828833398964,
      "bleu3": 0.017396793453157068,
      "bleu4": 0.008662614792831234
    },
    "rouge_l_f1": 0.15369456321732536,
    "bleurt_score": 0.0,
    "total_samples": 20
  },
  "summary": {
    "exact_match": 0.05,
    "f1_score": 0.19648154929322453,
    "precision": 0.17488138019388016,
    "recall": 0.24174048174048174,
    "rouge_l_f1": 0.15369456321732536,
    "bleurt_score": 0.0,
    "bleu_1": 0.10171198388721046,
    "bleu_2": 0.040896828833398964,
    "bleu_3": 0.017396793453157068,
    "bleu_4": 0.008662614792831234,
    "total_samples": 20
  }
}