{
  "model_name": "Qwen2VL-Checkpoint-5000",
  "evaluation_style": "SSVP-SLT",
  "evaluation_metrics": {
    "exact_match": 0.015384615384615385,
    "f1_score": 0.2045116373067715,
    "precision": 0.19913162752718683,
    "recall": 0.22805691697188712,
    "bleu_scores": {
      "bleu1": 0.23550465282748745,
      "bleu2": 0.11818467877997957,
      "bleu3": 0.07138712543062514,
      "bleu4": 0.04363687188791213
    },
    "rouge_l_f1": 0.19153523198189892,
    "bleurt_score": 0.0,
    "total_samples": 65
  },
  "summary": {
    "exact_match": 0.015384615384615385,
    "f1_score": 0.2045116373067715,
    "precision": 0.19913162752718683,
    "recall": 0.22805691697188712,
    "rouge_l_f1": 0.19153523198189892,
    "bleurt_score": 0.0,
    "bleu_1": 0.23550465282748745,
    "bleu_2": 0.11818467877997957,
    "bleu_3": 0.07138712543062514,
    "bleu_4": 0.04363687188791213,
    "total_samples": 65
  }
}