{
  "model_name": "Qwen2VL-Checkpoint-5000",
  "evaluation_style": "SSVP-SLT",
  "evaluation_metrics": {
    "exact_match": 0.005397070161912105,
    "f1_score": 0.18981989928085474,
    "precision": 0.19098964029185028,
    "recall": 0.20261643458061065,
    "bleu_scores": {
      "bleu1": 0.22421672091264752,
      "bleu2": 0.10004836350857119,
      "bleu3": 0.05533657940177765,
      "bleu4": 0.033698105271489066
    },
    "rouge_l_f1": 0.18314280643315844,
    "bleurt_score": 0.0,
    "total_samples": 1297
  },
  "summary": {
    "exact_match": 0.005397070161912105,
    "f1_score": 0.18981989928085474,
    "precision": 0.19098964029185028,
    "recall": 0.20261643458061065,
    "rouge_l_f1": 0.18314280643315844,
    "bleurt_score": 0.0,
    "bleu_1": 0.22421672091264752,
    "bleu_2": 0.10004836350857119,
    "bleu_3": 0.05533657940177765,
    "bleu_4": 0.033698105271489066,
    "total_samples": 1297
  }
}