{
  "model_name": "Qwen2VL-Checkpoint-5000",
  "evaluation_style": "SSVP-SLT",
  "evaluation_metrics": {
    "exact_match": 0.021052631578947368,
    "f1_score": 0.2676622509849037,
    "precision": 0.26645683300694656,
    "recall": 0.28435463933680716,
    "bleu_scores": {
      "bleu1": 0.27030075187969926,
      "bleu2": 0.13962584240235407,
      "bleu3": 0.08396506740261012,
      "bleu4": 0.05138734657232127
    },
    "rouge_l_f1": 0.2624989079383247,
    "bleurt_score": 0.0,
    "total_samples": 95
  },
  "summary": {
    "exact_match": 0.021052631578947368,
    "f1_score": 0.2676622509849037,
    "precision": 0.26645683300694656,
    "recall": 0.28435463933680716,
    "rouge_l_f1": 0.2624989079383247,
    "bleurt_score": 0.0,
    "bleu_1": 0.27030075187969926,
    "bleu_2": 0.13962584240235407,
    "bleu_3": 0.08396506740261012,
    "bleu_4": 0.05138734657232127,
    "total_samples": 95
  }
}