{
  "model_name": "Qwen2VL-Checkpoint-5000",
  "evaluation_style": "SSVP-SLT",
  "evaluation_metrics": {
    "exact_match": 0.0,
    "f1_score": 0.08857829583446283,
    "precision": 0.09496753246753246,
    "recall": 0.0876923076923077,
    "bleu_scores": {
      "bleu1": 0.12353395404831125,
      "bleu2": 0.041910764393999406,
      "bleu3": 0.019026373252457925,
      "bleu4": 0.011077119708127586
    },
    "rouge_l_f1": 0.0898694643083188,
    "bleurt_score": 0.0,
    "total_samples": 10
  },
  "summary": {
    "exact_match": 0.0,
    "f1_score": 0.08857829583446283,
    "precision": 0.09496753246753246,
    "recall": 0.0876923076923077,
    "rouge_l_f1": 0.0898694643083188,
    "bleurt_score": 0.0,
    "bleu_1": 0.12353395404831125,
    "bleu_2": 0.041910764393999406,
    "bleu_3": 0.019026373252457925,
    "bleu_4": 0.011077119708127586,
    "total_samples": 10
  }
}