{
  "model_name": "Qwen2VL-Checkpoint-5000",
  "evaluation_style": "SSVP-SLT",
  "evaluation_metrics": {
    "exact_match": 0.003885003885003885,
    "f1_score": 0.19140673947957243,
    "precision": 0.18538893851957247,
    "recall": 0.21359789513165214,
    "bleu_scores": {
      "bleu1": 0.2102099434425987,
      "bleu2": 0.09470512724150357,
      "bleu3": 0.052032745698668635,
      "bleu4": 0.03160513056719029
    },
    "rouge_l_f1": 0.18465595430388576,
    "bleurt_score": 0.0,
    "total_samples": 1287
  },
  "summary": {
    "exact_match": 0.003885003885003885,
    "f1_score": 0.19140673947957243,
    "precision": 0.18538893851957247,
    "recall": 0.21359789513165214,
    "rouge_l_f1": 0.18465595430388576,
    "bleurt_score": 0.0,
    "bleu_1": 0.2102099434425987,
    "bleu_2": 0.09470512724150357,
    "bleu_3": 0.052032745698668635,
    "bleu_4": 0.03160513056719029,
    "total_samples": 1287
  }
}