{
  "model_name": "Qwen2VL-Checkpoint-5000",
  "evaluation_style": "SSVP-SLT",
  "evaluation_metrics": {
    "exact_match": 0.008,
    "f1_score": 0.19049011204169025,
    "precision": 0.20052002521095677,
    "recall": 0.19808552904030394,
    "bleu_scores": {
      "bleu1": 0.17313432835820894,
      "bleu2": 0.07413201689030219,
      "bleu3": 0.0355152034861841,
      "bleu4": 0.017217390353547146
    },
    "rouge_l_f1": 0.17999176744317938,
    "bleurt_score": 0.0,
    "total_samples": 250
  },
  "summary": {
    "exact_match": 0.008,
    "f1_score": 0.19049011204169025,
    "precision": 0.20052002521095677,
    "recall": 0.19808552904030394,
    "rouge_l_f1": 0.17999176744317938,
    "bleurt_score": 0.0,
    "bleu_1": 0.17313432835820894,
    "bleu_2": 0.07413201689030219,
    "bleu_3": 0.0355152034861841,
    "bleu_4": 0.017217390353547146,
    "total_samples": 250
  }
}