{
  "model_name": "Qwen2VL-Checkpoint-5000",
  "evaluation_style": "SSVP-SLT",
  "evaluation_metrics": {
    "exact_match": 0.045454545454545456,
    "f1_score": 0.15791901525002452,
    "precision": 0.14213462705357605,
    "recall": 0.19791145722963907,
    "bleu_scores": {
      "bleu1": 0.1364296081277213,
      "bleu2": 0.04954296815343483,
      "bleu3": 0.019670320745807744,
      "bleu4": 0.010509025208279016
    },
    "rouge_l_f1": 0.14231098075276177,
    "bleurt_score": 0.0,
    "total_samples": 22
  },
  "summary": {
    "exact_match": 0.045454545454545456,
    "f1_score": 0.15791901525002452,
    "precision": 0.14213462705357605,
    "recall": 0.19791145722963907,
    "rouge_l_f1": 0.14231098075276177,
    "bleurt_score": 0.0,
    "bleu_1": 0.1364296081277213,
    "bleu_2": 0.04954296815343483,
    "bleu_3": 0.019670320745807744,
    "bleu_4": 0.010509025208279016,
    "total_samples": 22
  }
}