{
  "model_name": "Qwen2VL-Checkpoint-5000",
  "evaluation_style": "SSVP-SLT",
  "evaluation_metrics": {
    "exact_match": 0.05,
    "f1_score": 0.1631028086669189,
    "precision": 0.14780577000971734,
    "recall": 0.20315714840714844,
    "bleu_scores": {
      "bleu1": 0.1414790996784566,
      "bleu2": 0.05310538003761327,
      "bleu3": 0.021320367404331048,
      "bleu4": 0.011454309522614257
    },
    "rouge_l_f1": 0.1481580398184384,
    "bleurt_score": 0.0,
    "total_samples": 20
  },
  "summary": {
    "exact_match": 0.05,
    "f1_score": 0.1631028086669189,
    "precision": 0.14780577000971734,
    "recall": 0.20315714840714844,
    "rouge_l_f1": 0.1481580398184384,
    "bleurt_score": 0.0,
    "bleu_1": 0.1414790996784566,
    "bleu_2": 0.05310538003761327,
    "bleu_3": 0.021320367404331048,
    "bleu_4": 0.011454309522614257,
    "total_samples": 20
  }
}