{
  "model_name": "Qwen2VL-Checkpoint-5000",
  "evaluation_style": "SSVP-SLT",
  "evaluation_metrics": {
    "exact_match": 0.05,
    "f1_score": 0.17670615221682642,
    "precision": 0.1684286649695857,
    "recall": 0.20426140526140527,
    "bleu_scores": {
      "bleu1": 0.056643356643356645,
      "bleu2": 0.017927095328375477,
      "bleu3": 0.004871451165630057,
      "bleu4": 0.002142739637204126
    },
    "rouge_l_f1": 0.1670095141502603,
    "bleurt_score": 0.0,
    "total_samples": 20
  },
  "summary": {
    "exact_match": 0.05,
    "f1_score": 0.17670615221682642,
    "precision": 0.1684286649695857,
    "recall": 0.20426140526140527,
    "rouge_l_f1": 0.1670095141502603,
    "bleurt_score": 0.0,
    "bleu_1": 0.056643356643356645,
    "bleu_2": 0.017927095328375477,
    "bleu_3": 0.004871451165630057,
    "bleu_4": 0.002142739637204126,
    "total_samples": 20
  }
}