{
  "model_name": "Qwen2VL-Checkpoint-5000",
  "evaluation_style": "SSVP-SLT",
  "evaluation_metrics": {
    "exact_match": 0.0,
    "f1_score": 0.1078452813207632,
    "precision": 0.15235930735930736,
    "recall": 0.09044688644688643,
    "bleu_scores": {
      "bleu1": 0.11103398518108851,
      "bleu2": 0.029785329131812532,
      "bleu3": 0.012606070617077234,
      "bleu4": 0.007141432948078032
    },
    "rouge_l_f1": 0.09869678878711552,
    "bleurt_score": 0.0,
    "total_samples": 15
  },
  "summary": {
    "exact_match": 0.0,
    "f1_score": 0.1078452813207632,
    "precision": 0.15235930735930736,
    "recall": 0.09044688644688643,
    "rouge_l_f1": 0.09869678878711552,
    "bleurt_score": 0.0,
    "bleu_1": 0.11103398518108851,
    "bleu_2": 0.029785329131812532,
    "bleu_3": 0.012606070617077234,
    "bleu_4": 0.007141432948078032,
    "total_samples": 15
  }
}