{
  "model_name": "Qwen2VL-Checkpoint-5000",
  "evaluation_style": "SSVP-SLT",
  "evaluation_metrics": {
    "exact_match": 0.05,
    "f1_score": 0.19570809890795277,
    "precision": 0.174695158731242,
    "recall": 0.2546921411921412,
    "bleu_scores": {
      "bleu1": 0.15721231766612645,
      "bleu2": 0.07436451792316108,
      "bleu3": 0.03632245895452253,
      "bleu4": 0.020348667630593245
    },
    "rouge_l_f1": 0.18486269258391635,
    "bleurt_score": 0.0,
    "total_samples": 20
  },
  "summary": {
    "exact_match": 0.05,
    "f1_score": 0.19570809890795277,
    "precision": 0.174695158731242,
    "recall": 0.2546921411921412,
    "rouge_l_f1": 0.18486269258391635,
    "bleurt_score": 0.0,
    "bleu_1": 0.15721231766612645,
    "bleu_2": 0.07436451792316108,
    "bleu_3": 0.03632245895452253,
    "bleu_4": 0.020348667630593245,
    "total_samples": 20
  }
}