{
  "model_name": "Qwen2VL-Checkpoint-5000",
  "evaluation_style": "SSVP-SLT",
  "evaluation_metrics": {
    "exact_match": 0.045454545454545456,
    "f1_score": 0.20046090456055754,
    "precision": 0.1743325480476023,
    "recall": 0.267099617554163,
    "bleu_scores": {
      "bleu1": 0.16059379217273956,
      "bleu2": 0.07167436426165878,
      "bleu3": 0.03327782818239784,
      "bleu4": 0.01817134425955648
    },
    "rouge_l_f1": 0.16866658720448605,
    "bleurt_score": 0.0,
    "total_samples": 22
  },
  "summary": {
    "exact_match": 0.045454545454545456,
    "f1_score": 0.20046090456055754,
    "precision": 0.1743325480476023,
    "recall": 0.267099617554163,
    "rouge_l_f1": 0.16866658720448605,
    "bleurt_score": 0.0,
    "bleu_1": 0.16059379217273956,
    "bleu_2": 0.07167436426165878,
    "bleu_3": 0.03327782818239784,
    "bleu_4": 0.01817134425955648,
    "total_samples": 22
  }
}