{
  "model_name": "Qwen2VL-Checkpoint-5000",
  "evaluation_style": "SSVP-SLT",
  "evaluation_metrics": {
    "exact_match": 0.05,
    "f1_score": 0.1743068011650141,
    "precision": 0.1775937983728661,
    "recall": 0.19790712065712066,
    "bleu_scores": {
      "bleu1": 0.05483207676490747,
      "bleu2": 0.021383440060264,
      "bleu3": 0.006855791226441632,
      "bleu4": 0.003275319569874063
    },
    "rouge_l_f1": 0.14299175981842416,
    "bleurt_score": 0.0,
    "total_samples": 20
  },
  "summary": {
    "exact_match": 0.05,
    "f1_score": 0.1743068011650141,
    "precision": 0.1775937983728661,
    "recall": 0.19790712065712066,
    "rouge_l_f1": 0.14299175981842416,
    "bleurt_score": 0.0,
    "bleu_1": 0.05483207676490747,
    "bleu_2": 0.021383440060264,
    "bleu_3": 0.006855791226441632,
    "bleu_4": 0.003275319569874063,
    "total_samples": 20
  }
}