{
  "model_name": "Qwen2VL-Checkpoint-5000",
  "evaluation_style": "SSVP-SLT",
  "evaluation_metrics": {
    "exact_match": 0.0,
    "f1_score": 0.07514171694318753,
    "precision": 0.10122113997113998,
    "recall": 0.06439452214452215,
    "bleu_scores": {
      "bleu1": 0.06684653919791182,
      "bleu2": 0.013807489697390657,
      "bleu3": 0.0067329360744462965,
      "bleu4": 0.004085119502701456
    },
    "rouge_l_f1": 0.07033627629680261,
    "bleurt_score": 0.0,
    "total_samples": 20
  },
  "summary": {
    "exact_match": 0.0,
    "f1_score": 0.07514171694318753,
    "precision": 0.10122113997113998,
    "recall": 0.06439452214452215,
    "rouge_l_f1": 0.07033627629680261,
    "bleurt_score": 0.0,
    "bleu_1": 0.06684653919791182,
    "bleu_2": 0.013807489697390657,
    "bleu_3": 0.0067329360744462965,
    "bleu_4": 0.004085119502701456,
    "total_samples": 20
  }
}