{
  "exact_match": 0.0,
  "f1_score": 0.0778709904185648,
  "precision": 0.11516088356088357,
  "recall": 0.06727261084029768,
  "bleu_scores": {
    "bleu1": 0.04019124467854551,
    "bleu2": 0.007130418106971835,
    "bleu3": 0.0016600558371236088,
    "bleu4": 0.0006990334110892732
  },
  "rouge_l_f1": 0.07087635922049626,
  "bleurt_score": 0.0,
  "total_samples": 250
}