{
  "exact_match": 0.0,
  "f1_score": 0.11015239582530365,
  "precision": 0.13184083493866103,
  "recall": 0.10040221633558558,
  "bleu_scores": {
    "bleu1": 0.15164046946386053,
    "bleu2": 0.04933513858858479,
    "bleu3": 0.02610164706066591,
    "bleu4": 0.01743263794999255
  },
  "rouge_l_f1": 0.10118687521156358,
  "bleurt_score": 0.0,
  "total_samples": 20
}