{
  "exact_match": 0.00909090909090909,
  "f1_score": 0.1343033239181199,
  "precision": 0.15701415273131306,
  "recall": 0.1257517888908553,
  "bleu_scores": {
    "bleu1": 0.18549504646857107,
    "bleu2": 0.07263647205428266,
    "bleu3": 0.03296451025138239,
    "bleu4": 0.015317136250417876
  },
  "rouge_l_f1": 0.13747292316014284,
  "bleurt_score": 0.0,
  "total_samples": 220
}