{
  "exact_match": 0.008695652173913044,
  "f1_score": 0.17947246856251134,
  "precision": 0.19965167350051938,
  "recall": 0.17661142458323145,
  "bleu_scores": {
    "bleu1": 0.23150713674486892,
    "bleu2": 0.10395856015966044,
    "bleu3": 0.054488157391554895,
    "bleu4": 0.029170937371589312
  },
  "rouge_l_f1": 0.17739941040458163,
  "bleurt_score": 0.0,
  "total_samples": 230
}