{
  "exact_match": 0.008333333333333333,
  "f1_score": 0.18055515368976718,
  "precision": 0.1966180459112166,
  "recall": 0.18056809863520865,
  "bleu_scores": {
    "bleu1": 0.24124439718156668,
    "bleu2": 0.10885599476990768,
    "bleu3": 0.05829153245441593,
    "bleu4": 0.033162170599582104
  },
  "rouge_l_f1": 0.18504282269542263,
  "bleurt_score": 0.0,
  "total_samples": 240
}