{
  "exact_match": 0.004,
  "f1_score": 0.14763028526302663,
  "precision": 0.1445468736987292,
  "recall": 0.17394315622803158,
  "bleu_scores": {
    "bleu1": 0.1602736051502146,
    "bleu2": 0.06292074776360361,
    "bleu3": 0.02947679291027496,
    "bleu4": 0.014925035773738325
  },
  "rouge_l_f1": 0.13860667766498325,
  "bleurt_score": 0.0,
  "total_samples": 250
}