{
  "exact_match": 0.005,
  "f1_score": 0.16895938141233274,
  "precision": 0.1869301769682645,
  "recall": 0.1669501075644015,
  "bleu_scores": {
    "bleu1": 0.22544238664117006,
    "bleu2": 0.09338975944122951,
    "bleu3": 0.04809590049195969,
    "bleu4": 0.027513390804987253
  },
  "rouge_l_f1": 0.17183507142412335,
  "bleurt_score": 0.0,
  "total_samples": 2000
}