{
  "exact_match": 0.004,
  "f1_score": 0.14145572845586563,
  "precision": 0.14178551713124873,
  "recall": 0.1594401798374363,
  "bleu_scores": {
    "bleu1": 0.1920145791915176,
    "bleu2": 0.07555132951249963,
    "bleu3": 0.03566538686161982,
    "bleu4": 0.01791086654224144
  },
  "rouge_l_f1": 0.13975717499771267,
  "bleurt_score": 0.0,
  "total_samples": 250
}