{
  "exact_match": 0.0,
  "f1_score": 0.12027037177405374,
  "precision": 0.11872644376745436,
  "recall": 0.14179144264869695,
  "bleu_scores": {
    "bleu1": 0.16593886462882096,
    "bleu2": 0.05718156453556853,
    "bleu3": 0.020836744295226875,
    "bleu4": 0.009297821368681406
  },
  "rouge_l_f1": 0.10528623486684982,
  "bleurt_score": 0.0,
  "total_samples": 109
}