{
  "exact_match": 0.03333333333333333,
  "f1_score": 0.2219526016242492,
  "precision": 0.23005918901912084,
  "recall": 0.22482711732711733,
  "bleu_scores": {
    "bleu1": 0.27078456153399755,
    "bleu2": 0.1325503302993486,
    "bleu3": 0.08105085403297776,
    "bleu4": 0.05212237535740557
  },
  "rouge_l_f1": 0.21874004797932742,
  "bleurt_score": 0.0,
  "total_samples": 30
}