{
  "exact_match": 0.0,
  "f1_score": 0.08931351961849013,
  "precision": 0.09852374282161637,
  "recall": 0.11858744523450407,
  "bleu_scores": {
    "bleu1": 0.08700980392156865,
    "bleu2": 0.041820339337971524,
    "bleu3": 0.025080554917833463,
    "bleu4": 0.017960898375241768
  },
  "rouge_l_f1": 0.07191350243084688,
  "bleurt_score": 0.0,
  "total_samples": 20
}