{
  "exact_match": 0.0,
  "f1_score": 0.12824532751347853,
  "precision": 0.12740281258868777,
  "recall": 0.14621815425775198,
  "bleu_scores": {
    "bleu1": 0.17457763475462595,
    "bleu2": 0.0680220923228653,
    "bleu3": 0.03708505924287117,
    "bleu4": 0.01940322343928291
  },
  "rouge_l_f1": 0.12269685132319816,
  "bleurt_score": 0.0,
  "total_samples": 109
}