{
    "_FW1JoDAW8w-00_00_29_059-00_00_36_679": [
        0.09041278675654044,
        0.07556351376181322,
        0.99,
        0.9755635137618132
    ],
    "_FW1JoDAW8w-00_00_11_080-00_00_22_399": [
        0.08406027028287957,
        0.08012302130198255,
        0.9840602702828797,
        0.9801230213019826
    ],
    "_FW1JoDAW8w-00_00_53_140-00_00_56_659": [
        0.09141061691743016,
        0.08177782442584826,
        0.99,
        0.9817778244258484
    ],
    "_FW1JoDAW8w-00_00_22_800-00_00_28_399": [
        0.09478459088760012,
        0.07356621192365453,
        0.99,
        0.9735662119236547
    ],
    "_FW1JoDAW8w-00_00_46_539-00_00_52_780": [
        0.08484702128679186,
        0.08008074133672452,
        0.9848470212867919,
        0.9800807413367244
    ]
}