{
    "_Bb-sdKEk5w-00_00_42_219-00_00_57_920": [
        0.050000000000003236,
        0.16795446750898452,
        0.9500000000000032,
        0.99
    ],
    "_Bb-sdKEk5w-00_02_30_400-00_02_39_560": [
        0.050209851680332485,
        0.17111755479893828,
        0.9502098516803325,
        0.99
    ],
    "_Bb-sdKEk5w-00_03_16_979-00_03_28_699": [
        0.050778218993928655,
        0.16990413191053924,
        0.9507782189939287,
        0.99
    ],
    "_Bb-sdKEk5w-00_02_55_680-00_03_02_780": [
        0.050458566642919006,
        0.17092811113966838,
        0.9504585666429192,
        0.99
    ],
    "_Bb-sdKEk5w-00_00_27_059-00_00_33_539": [
        0.049999999999998844,
        0.16777351669210216,
        0.949999999999999,
        0.99
    ],
    "_Bb-sdKEk5w-00_03_08_240-00_03_16_979": [
        0.05006290686421463,
        0.17083968820649287,
        0.9500629068642146,
        0.99
    ],
    "_Bb-sdKEk5w-00_02_45_020-00_02_55_680": [
        0.0500000000000024,
        0.1696549701801776,
        0.9500000000000025,
        0.99
    ],
    "_Bb-sdKEk5w-00_01_18_060-00_01_29_359": [
        0.05008461112064566,
        0.16696100533439942,
        0.9500846111206457,
        0.99
    ],
    "_Bb-sdKEk5w-00_03_36_860-00_03_38_860": [
        0.04999999999999921,
        0.14740043935445643,
        0.9499999999999993,
        0.99
    ],
    "_Bb-sdKEk5w-00_01_38_939-00_01_53_760": [
        0.05004702612781125,
        0.14616251921496637,
        0.9500470261278113,
        0.99
    ],
    "_Bb-sdKEk5w-00_02_39_879-00_02_45_020": [
        0.049999999999998844,
        0.17117394644116643,
        0.949999999999999,
        0.99
    ],
    "_Bb-sdKEk5w-00_00_19_780-00_00_21_980": [
        0.04999999999999921,
        0.16381098452557968,
        0.9499999999999993,
        0.99
    ],
    "_Bb-sdKEk5w-00_01_58_640-00_02_12_520": [
        0.050102333780328114,
        0.16705158084527594,
        0.9501023337803282,
        0.99
    ],
    "_Bb-sdKEk5w-00_03_02_780-00_03_08_240": [
        0.049999999999998844,
        0.17465942715349403,
        0.949999999999999,
        0.99
    ],
    "_Bb-sdKEk5w-00_01_07_359-00_01_18_060": [
        0.050122195928529165,
        0.16676973320086458,
        0.9501221959285292,
        0.99
    ],
    "_Bb-sdKEk5w-00_00_57_920-00_01_07_359": [
        0.05002078918845947,
        0.16660210878901413,
        0.9500207891884596,
        0.99
    ],
    "_Bb-sdKEk5w-00_00_22_199-00_00_26_859": [
        0.049999999999998934,
        0.16555224718366332,
        0.9499999999999991,
        0.99
    ],
    "_Bb-sdKEk5w-00_02_12_520-00_02_29_719": [
        0.05003144552148445,
        0.1686857642463731,
        0.9500314455214847,
        0.99
    ],
    "_Bb-sdKEk5w-00_03_28_699-00_03_34_639": [
        0.049649761324094044,
        0.16966554840157852,
        0.9496497613240941,
        0.99
    ],
    "_Bb-sdKEk5w-00_00_00_200-00_00_19_780": [
        0.04999999999999996,
        0.1604421848696779,
        0.9500000000000001,
        0.99
    ],
    "_Bb-sdKEk5w-00_01_29_359-00_01_38_939": [
        0.05014601542253341,
        0.1667322392327717,
        0.9501460154225335,
        0.99
    ],
    "_Bb-sdKEk5w-00_00_33_539-00_00_42_020": [
        0.05000000000000043,
        0.16729988007477567,
        0.9500000000000006,
        0.99
    ]
}