{
  "exact_match": 0.0,
  "f1_score": 0.2882553353045095,
  "precision": 0.29758674289511766,
  "recall": 0.29605234831863114,
  "bleu_scores": {
    "bleu1": 0.3421004897514964,
    "bleu2": 0.1886924594409993,
    "bleu3": 0.11870284052498806,
    "bleu4": 0.0783271000807027
  },
  "rouge_l_f1": 0.28606044575681927,
  "bleurt_score": 0.0,
  "total_samples": 553
}