{
  "exact_match": 0.0,
  "f1_score": 0.282039708535085,
  "precision": 0.2904339575070603,
  "recall": 0.28951532368642435,
  "bleu_scores": {
    "bleu1": 0.3327489481065919,
    "bleu2": 0.18421171344723197,
    "bleu3": 0.11609197050043175,
    "bleu4": 0.07758692564605252
  },
  "rouge_l_f1": 0.2875616890762668,
  "bleurt_score": 0.0,
  "total_samples": 553
}