{
  "exact_match": 0.0,
  "f1_score": 0.2836382569886557,
  "precision": 0.29253828206068816,
  "recall": 0.2912677921951061,
  "bleu_scores": {
    "bleu1": 0.334300536358041,
    "bleu2": 0.18618784906124225,
    "bleu3": 0.11721751105263097,
    "bleu4": 0.07915555288548731
  },
  "rouge_l_f1": 0.28746937473392586,
  "bleurt_score": 0.0,
  "total_samples": 553
}