{
  "exact_match": 0.0,
  "f1_score": 0.2870523800291916,
  "precision": 0.29531933813529626,
  "recall": 0.2950891370425052,
  "bleu_scores": {
    "bleu1": 0.336110867467766,
    "bleu2": 0.18868025453494103,
    "bleu3": 0.11921773834411482,
    "bleu4": 0.07942408869456762
  },
  "rouge_l_f1": 0.28839732007731805,
  "bleurt_score": 0.0,
  "total_samples": 553
}