{
  "exact_match": 0.0,
  "f1_score": 0.2888240243657634,
  "precision": 0.29867993348765076,
  "recall": 0.2950793771140831,
  "bleu_scores": {
    "bleu1": 0.3407481387325223,
    "bleu2": 0.1892034238983512,
    "bleu3": 0.12014464191264336,
    "bleu4": 0.07989482033571839
  },
  "rouge_l_f1": 0.28695995932051965,
  "bleurt_score": 0.0,
  "total_samples": 553
}