{
  "exact_match": 0.0,
  "f1_score": 0.2886637890742231,
  "precision": 0.29777451929635695,
  "recall": 0.2959181881701382,
  "bleu_scores": {
    "bleu1": 0.34123093681917216,
    "bleu2": 0.1898354104300811,
    "bleu3": 0.11973127256697227,
    "bleu4": 0.07959360751280223
  },
  "rouge_l_f1": 0.2871941717018517,
  "bleurt_score": 0.0,
  "total_samples": 553
}