{
  "exact_match": 0.0,
  "f1_score": 0.05696260249311827,
  "precision": 0.036863042442235906,
  "recall": 0.1541384915544414,
  "bleu_scores": {
    "bleu1": 0.04286059726756136,
    "bleu2": 0.008833700237285995,
    "bleu3": 0.0017636753552209528,
    "bleu4": 0.00039489804732395907
  },
  "rouge_l_f1": 0.0,
  "bleurt_score": 0.0,
  "total_samples": 1000
}