{
  "exact_match": 0.0,
  "f1_score": 0.05914271680861507,
  "precision": 0.038106274780526174,
  "recall": 0.16435328229139215,
  "bleu_scores": {
    "bleu1": 0.04225625319040326,
    "bleu2": 0.008078987002133092,
    "bleu3": 0.0012670050905939291,
    "bleu4": 0.00032129326865733775
  },
  "rouge_l_f1": 0.0,
  "bleurt_score": 0.0,
  "total_samples": 839
}