{
  "exact_match": 0.02,
  "f1_score": 0.11681280913515557,
  "precision": 0.1186862349724579,
  "recall": 0.12568564401428176,
  "bleu_scores": {
    "bleu1": 0.17846153846153848,
    "bleu2": 0.05379564010187901,
    "bleu3": 0.014899168620782284,
    "bleu4": 0.0066891204411303265
  },
  "rouge_l_f1": 0.0,
  "bleurt_score": 0.0,
  "total_samples": 50
}