{
  "exact_match": 0.0,
  "f1_score": 0.2538686066307903,
  "precision": 0.2714685314685315,
  "recall": 0.24701159407041764,
  "bleu_scores": {
    "bleu1": 0.29962795285036325,
    "bleu2": 0.1625647182804765,
    "bleu3": 0.10085227497405565,
    "bleu4": 0.06994405386823976
  },
  "rouge_l_f1": 0.24885479865555765,
  "bleurt_score": 0.4488121509552002,
  "total_samples": 15
}