{
  "exact_match": 0.009837467921300257,
  "f1_score": 0.2998294914369321,
  "precision": 0.31215797288953273,
  "recall": 0.30324443188976513,
  "bleu_scores": {
    "bleu1": 0.34484585231486375,
    "bleu2": 0.1989568227556556,
    "bleu3": 0.13084086851368704,
    "bleu4": 0.09125437518799315
  },
  "rouge_l_f1": 0.0,
  "bleurt_score": 0.0,
  "total_samples": 2338
}