{
  "exact_match": 0.01818181818181818,
  "f1_score": 0.2553607218058541,
  "precision": 0.2618738532997762,
  "recall": 0.26672260551357907,
  "bleu_scores": {
    "bleu1": 0.28630363036303624,
    "bleu2": 0.14840268252889507,
    "bleu3": 0.08791445234741202,
    "bleu4": 0.05583083832312095
  },
  "rouge_l_f1": 0.0,
  "bleurt_score": 0.0,
  "total_samples": 55
}