{
  "exact_match": 0.0,
  "f1_score": 0.2804608541675014,
  "precision": 0.3004926798939284,
  "recall": 0.2738548449463942,
  "bleu_scores": {
    "bleu1": 0.3679474111087328,
    "bleu2": 0.20963765173741572,
    "bleu3": 0.13803276994036803,
    "bleu4": 0.09558600393669055
  },
  "rouge_l_f1": 0.29409676114152106,
  "bleurt_score": 0.39047655401130515,
  "total_samples": 24
}