{
  "exact_match": 0.1,
  "f1_score": 0.2283522886273958,
  "precision": 0.23173782199239862,
  "recall": 0.23442603148485502,
  "bleu_scores": {
    "bleu1": 0.19026548672566373,
    "bleu2": 0.059358528783689905,
    "bleu3": 0.020449828970463005,
    "bleu4": 0.010206708361833421
  },
  "rouge_l_f1": 0.0,
  "bleurt_score": 0.0,
  "total_samples": 10
}