{
  "exact_match": 0.0018181818181818182,
  "f1_score": 0.15292069692118834,
  "precision": 0.15792721499319168,
  "recall": 0.15930876014887702,
  "bleu_scores": {
    "bleu1": 0.20975780361983035,
    "bleu2": 0.08176542328704223,
    "bleu3": 0.03861105097085604,
    "bleu4": 0.019957281415305107
  },
  "rouge_l_f1": 0.0,
  "bleurt_score": 0.0,
  "total_samples": 550
}