{
  "exact_match": 0.0,
  "f1_score": 0.2633631498952234,
  "precision": 0.29052577052577055,
  "recall": 0.25004189710072067,
  "bleu_scores": {
    "bleu1": 0.2883919046184746,
    "bleu2": 0.1594875052896003,
    "bleu3": 0.09957552663387798,
    "bleu4": 0.06927890015973491
  },
  "rouge_l_f1": 0.0,
  "bleurt_score": 0.0,
  "total_samples": 15
}