{
  "exact_match": 0.00599058622165169,
  "f1_score": 0.2623134008498792,
  "precision": 0.2722986138776454,
  "recall": 0.26664611284252304,
  "bleu_scores": {
    "bleu1": 0.3097348922866076,
    "bleu2": 0.1679519632802807,
    "bleu3": 0.10605229469206906,
    "bleu4": 0.07098737907088251
  },
  "rouge_l_f1": 0.0,
  "bleurt_score": 0.0,
  "total_samples": 2337
}