{
  "exact_match": 0.005454545454545455,
  "f1_score": 0.26175653291919027,
  "precision": 0.271559150468391,
  "recall": 0.26699014665273063,
  "bleu_scores": {
    "bleu1": 0.31453101920236337,
    "bleu2": 0.17261257041532724,
    "bleu3": 0.11184579130031992,
    "bleu4": 0.0756410043909161
  },
  "rouge_l_f1": 0.262010297140163,
  "bleurt_score": 0.40550318279049613,
  "total_samples": 550
}