{
  "exact_match": 0.0018181818181818182,
  "f1_score": 0.25622423629119856,
  "precision": 0.25854542567551686,
  "recall": 0.2713552114205301,
  "bleu_scores": {
    "bleu1": 0.2869951468289874,
    "bleu2": 0.14901001296045027,
    "bleu3": 0.0908981545012682,
    "bleu4": 0.05885887456299315
  },
  "rouge_l_f1": 0.24797557836390738,
  "bleurt_score": 0.3963606831973249,
  "total_samples": 550
}