{
  "exact_match": 0.0036363636363636364,
  "f1_score": 0.2439454120475773,
  "precision": 0.256681157158752,
  "recall": 0.2453904464074892,
  "bleu_scores": {
    "bleu1": 0.3049808429118774,
    "bleu2": 0.1560815898160733,
    "bleu3": 0.09405510854722535,
    "bleu4": 0.06085311341878643
  },
  "rouge_l_f1": 0.0,
  "bleurt_score": 0.0,
  "total_samples": 550
}