{
  "exact_match": 0.0036363636363636364,
  "f1_score": 0.2398242236624701,
  "precision": 0.2525931958826597,
  "recall": 0.24389083888384222,
  "bleu_scores": {
    "bleu1": 0.28837759185158246,
    "bleu2": 0.1495368590009307,
    "bleu3": 0.0931765478701916,
    "bleu4": 0.06154597020503701
  },
  "rouge_l_f1": 0.0,
  "bleurt_score": 0.0,
  "total_samples": 550
}