{
  "exact_match": 0.0,
  "f1_score": 0.095094956343282,
  "precision": 0.09813743894919831,
  "recall": 0.09817234908767417,
  "bleu_scores": {
    "bleu1": 0.18644067796610167,
    "bleu2": 0.04084572140617749,
    "bleu3": 0.01255018800465865,
    "bleu4": 0.005937975381327215
  },
  "rouge_l_f1": 0.0,
  "bleurt_score": 0.0,
  "total_samples": 50
}