{
  "exact_match": 0.0732484076433121,
  "f1_score": 0.3842054170372776,
  "precision": 0.39578082488515887,
  "recall": 0.38568537411729187,
  "bleu_scores": {
    "bleu1": 0.41825102733889463,
    "bleu2": 0.2834842011962261,
    "bleu3": 0.21233462196499725,
    "bleu4": 0.16450310882946317
  },
  "rouge_l_f1": 0.38732336241573506,
  "bleurt_score": 0.5549501085341483,
  "total_samples": 942
}