{
  "exact_match": 0.0018181818181818182,
  "f1_score": 0.2516470530711366,
  "precision": 0.25953638330304485,
  "recall": 0.25887111165378207,
  "bleu_scores": {
    "bleu1": 0.29665873225778017,
    "bleu2": 0.15472716107930956,
    "bleu3": 0.09405574185464947,
    "bleu4": 0.06076772090516625
  },
  "rouge_l_f1": 0.24816288109914092,
  "bleurt_score": 0.3980309840224006,
  "total_samples": 550
}