{
  "exact_match": 0.0,
  "f1_score": 0.12437025916204954,
  "precision": 0.11460941052695872,
  "recall": 0.1492375869687015,
  "bleu_scores": {
    "bleu1": 0.17087062652563062,
    "bleu2": 0.057735206221123665,
    "bleu3": 0.020690433272003865,
    "bleu4": 0.009516368483566667
  },
  "rouge_l_f1": 0.0,
  "bleurt_score": 0.0,
  "total_samples": 50
}