{
  "exact_match": 0.005454545454545455,
  "f1_score": 0.2716136516019142,
  "precision": 0.28979872787210037,
  "recall": 0.27095249763193846,
  "bleu_scores": {
    "bleu1": 0.3331089321867211,
    "bleu2": 0.18465285713303814,
    "bleu3": 0.11844398398311369,
    "bleu4": 0.07896023480130773
  },
  "rouge_l_f1": 0.2773428939626704,
  "bleurt_score": 0.40776204657825554,
  "total_samples": 550
}