{
  "exact_match": 0.005454545454545455,
  "f1_score": 0.23638786169695591,
  "precision": 0.24110041504876933,
  "recall": 0.2465308431321502,
  "bleu_scores": {
    "bleu1": 0.28232574070902544,
    "bleu2": 0.14493786110810056,
    "bleu3": 0.08721051813332177,
    "bleu4": 0.05639375115036335
  },
  "rouge_l_f1": 0.0,
  "bleurt_score": 0.0,
  "total_samples": 550
}