{
  "exact_match": 0.0,
  "f1_score": 0.1427689408404492,
  "precision": 0.14824192482976642,
  "recall": 0.1501127176633219,
  "bleu_scores": {
    "bleu1": 0.19983207388748953,
    "bleu2": 0.05136757475480464,
    "bleu3": 0.019418897140536115,
    "bleu4": 0.007723374223849937
  },
  "rouge_l_f1": 0.0,
  "bleurt_score": 0.0,
  "total_samples": 55
}