{
  "exact_match": 0.0068463842533162175,
  "f1_score": 0.249625701691039,
  "precision": 0.2631813655102874,
  "recall": 0.25128836941609073,
  "bleu_scores": {
    "bleu1": 0.29980812708854815,
    "bleu2": 0.15904689909162492,
    "bleu3": 0.09853168433236519,
    "bleu4": 0.06536689373342469
  },
  "rouge_l_f1": 0.0,
  "bleurt_score": 0.0,
  "total_samples": 2337
}