{
  "exact_match": 0.0018181818181818182,
  "f1_score": 0.15253175475925643,
  "precision": 0.1572591721798236,
  "recall": 0.15908455028778948,
  "bleu_scores": {
    "bleu1": 0.2138376053056103,
    "bleu2": 0.0820537660868875,
    "bleu3": 0.03831083028532736,
    "bleu4": 0.019199862339206744
  },
  "rouge_l_f1": 0.0,
  "bleurt_score": 0.0,
  "total_samples": 550
}