{
  "exact_match": 0.0,
  "f1_score": 0.01743921568627451,
  "precision": 0.03450980392156863,
  "recall": 0.02118016194331984,
  "bleu_scores": {
    "bleu1": 0.020705605519591518,
    "bleu2": 0.0029907522274985037,
    "bleu3": 0.0013244058835894712,
    "bleu4": 0.0007842266877451521
  },
  "rouge_l_f1": 0.0,
  "bleurt_score": 0.0,
  "total_samples": 50
}