{
  "exact_match": 0.00909090909090909,
  "f1_score": 0.24153619431689613,
  "precision": 0.24977277155246963,
  "recall": 0.24882920732089633,
  "bleu_scores": {
    "bleu1": 0.29370797472377197,
    "bleu2": 0.1434020577339402,
    "bleu3": 0.08098646876453504,
    "bleu4": 0.05000715740384702
  },
  "rouge_l_f1": 0.0,
  "bleurt_score": 0.0,
  "total_samples": 110
}