{
  "exact_match": 0.0036363636363636364,
  "f1_score": 0.24736285417411202,
  "precision": 0.26093324689699193,
  "recall": 0.25040052316113204,
  "bleu_scores": {
    "bleu1": 0.30064066327491984,
    "bleu2": 0.15736777762271992,
    "bleu3": 0.09619773814292308,
    "bleu4": 0.062009752580956874
  },
  "rouge_l_f1": 0.2472471484803726,
  "bleurt_score": 0.39537829772992567,
  "total_samples": 550
}