{
  "exact_match": 0.0,
  "f1_score": 0.029850746268656716,
  "precision": 0.018867924528301886,
  "recall": 0.07142857142857142,
  "bleu_scores": {
    "bleu1": 0.011904761904761904,
    "bleu2": 0.005970175852925608,
    "bleu3": 0.003772263799437684,
    "bleu4": 0.0025252713940989396
  },
  "rouge_l_f1": 0.0,
  "bleurt_score": 0.0,
  "total_samples": 1
}